"4.6,25.2,19.9,-0.7,52.3,73.3,58.3,67.4,10.5,35.7,25.1,0.0,73.9,64.3,48.5,72.5,L"
"4.6,25.2,19.9,-0.7,52.3,73.3,58.3,67.4,20.8,37.4,16.9,0.2,77.1,79.9,45.5,82.7,L"
"4.6,25.2,19.9,-0.7,52.3,73.3,58.3,67.4,26.4,36.5,8.3,-1.8,76.4,90.9,47.3,89.0,L"
"4.6,25.2,19.9,-0.7,52.3,73.3,58.3,67.4,14.3,27.8,14.4,0.9,49.8,79.2,69.5,71.7,L"
"4.6,25.2,19.9,-0.7,52.3,73.3,58.3,67.4,19.2,43.3,24.9,0.8,80.4,48.4,58.9,71.3,W"
"4.6,25.2,19.9,-0.7,52.3,73.3,58.3,67.4,0.8,25.0,23.3,-0.9,35.4,59.1,53.1,46.8,W"
"4.6,25.2,19.9,-0.7,52.3,73.3,58.3,67.4,22.8,33.3,12.5,2.0,52.8,74.0,56.0,68.5,W"
"4.6,25.2,19.9,-0.7,52.3,73.3,58.3,67.4,12.9,38.0,23.3,-1.9,76.6,61.4,39.1,72.2,L"
"4.6,25.2,19.9,-0.7,52.3,73.3,58.3,67.4,4.0,29.3,27.3,2.0,53.4,46.4,49.0,50.2,W"
"26.4,36.5,8.3,-1.8,76.4,90.9,47.3,89.0,-20.2,14.3,32.4,-2.1,9.0,27.6,49.5,11.8,W"
"26.4,36.5,8.3,-1.8,76.4,90.9,47.3,89.0,24.7,35.4,11.0,0.2,70.7,84.7,46.8,82.4,W"
"26.4,36.5,8.3,-1.8,76.4,90.9,47.3,89.0,19.2,43.3,24.9,0.8,80.4,48.4,58.9,71.3,W"
"26.4,36.5,8.3,-1.8,76.4,90.9,47.3,89.0,14.3,27.8,14.4,0.9,49.8,79.2,69.5,71.7,W"
"26.4,36.5,8.3,-1.8,76.4,90.9,47.3,89.0,10.5,35.7,25.1,0.0,73.9,64.3,48.5,72.5,W"
"26.4,36.5,8.3,-1.8,76.4,90.9,47.3,89.0,4.0,29.3,27.3,2.0,53.4,46.4,49.0,50.2,L"
"26.4,36.5,8.3,-1.8,76.4,90.9,47.3,89.0,8.9,34.9,25.1,-0.9,69.1,57.1,35.1,63.2,W"
"26.4,36.5,8.3,-1.8,76.4,90.9,47.3,89.0,12.9,38.0,23.3,-1.9,76.6,61.4,39.1,72.2,W"
"26.4,36.5,8.3,-1.8,76.4,90.9,47.3,89.0,22.8,33.3,12.5,2.0,52.8,74.0,56.0,68.5,W"
"26.4,36.5,8.3,-1.8,76.4,90.9,47.3,89.0,7.8,28.4,19.7,-0.8,52.1,66.3,47.3,61.6,W"
"19.2,43.3,24.9,0.8,80.4,48.4,58.9,71.3,4.3,29.3,25.9,0.9,41.0,50.6,60.7,47.3,W"
"19.2,43.3,24.9,0.8,80.4,48.4,58.9,71.3,-20.2,14.3,32.4,-2.1,9.0,27.6,49.5,11.8,W"
"19.2,43.3,24.9,0.8,80.4,48.4,58.9,71.3,12.9,38.0,23.3,-1.9,76.6,61.4,39.1,72.2,L"
"19.2,43.3,24.9,0.8,80.4,48.4,58.9,71.3,22.8,33.3,12.5,2.0,52.8,74.0,56.0,68.5,W"
"19.2,43.3,24.9,0.8,80.4,48.4,58.9,71.3,10.5,35.7,25.1,0.0,73.9,64.3,48.5,72.5,L"
"19.2,43.3,24.9,0.8,80.4,48.4,58.9,71.3,0.8,25.0,23.3,-0.9,35.4,59.1,53.1,46.8,W"
"19.2,43.3,24.9,0.8,80.4,48.4,58.9,71.3,4.0,29.3,27.3,2.0,53.4,46.4,49.0,50.2,W"
"19.2,43.3,24.9,0.8,80.4,48.4,58.9,71.3,2.7,30.8,29.5,1.5,55.0,43.5,64.3,52.0,W"
"12.9,38.0,23.3,-1.9,76.6,61.4,39.1,72.2,-4.5,19.4,23.9,0.1,37.4,51.7,62.3,45.6,W"
"12.9,38.0,23.3,-1.9,76.6,61.4,39.1,72.2,22.8,33.3,12.5,2.0,52.8,74.0,56.0,68.5,W"
"12.9,38.0,23.3,-1.9,76.6,61.4,39.1,72.2,4.0,29.3,27.3,2.0,53.4,46.4,49.0,50.2,W"
"12.9,38.0,23.3,-1.9,76.6,61.4,39.1,72.2,6.0,31.4,25.0,-0.4,57.5,52.2,57.2,57.4,W"
"12.9,38.0,23.3,-1.9,76.6,61.4,39.1,72.2,20.8,37.4,16.9,0.2,77.1,79.9,45.5,82.7,L"
"12.9,38.0,23.3,-1.9,76.6,61.4,39.1,72.2,10.5,35.7,25.1,0.0,73.9,64.3,48.5,72.5,L"
"12.9,38.0,23.3,-1.9,76.6,61.4,39.1,72.2,4.3,29.3,25.9,0.9,41.0,50.6,60.7,47.3,W"
"4.0,29.3,27.3,2.0,53.4,46.4,49.0,50.2,-4.5,19.4,23.9,0.1,37.4,51.7,62.3,45.6,L"
"4.0,29.3,27.3,2.0,53.4,46.4,49.0,50.2,-6.4,23.3,28.2,-1.4,37.2,29.2,42.5,27.8,L"
"4.0,29.3,27.3,2.0,53.4,46.4,49.0,50.2,20.8,37.4,16.9,0.2,77.1,79.9,45.5,82.7,L"
"4.0,29.3,27.3,2.0,53.4,46.4,49.0,50.2,-10.0,27.5,38.9,1.4,33.1,19.9,58.3,22.3,L"
"4.0,29.3,27.3,2.0,53.4,46.4,49.0,50.2,-20.2,14.3,32.4,-2.1,9.0,27.6,49.5,11.8,L"
"4.0,29.3,27.3,2.0,53.4,46.4,49.0,50.2,-11.2,24.9,33.9,-2.2,56.3,34.8,49.4,44.0,W"
"4.0,29.3,27.3,2.0,53.4,46.4,49.0,50.2,3.3,32.2,30.6,1.7,56.9,51.9,53.2,56.1,L"
"4.0,29.3,27.3,2.0,53.4,46.4,49.0,50.2,-17.6,24.1,39.6,-2.2,29.6,44.2,45.5,33.3,W"
"4.0,29.3,27.3,2.0,53.4,46.4,49.0,50.2,-19.7,20.3,37.7,-2.3,21.5,13.2,29.0,10.0,W"
"10.5,35.7,25.1,0.0,73.9,64.3,48.5,72.5,-3.3,24.4,28.0,0.3,28.2,63.3,53.9,46.7,W"
"10.5,35.7,25.1,0.0,73.9,64.3,48.5,72.5,22.8,33.3,12.5,2.0,52.8,74.0,56.0,68.5,L"
"10.5,35.7,25.1,0.0,73.9,64.3,48.5,72.5,8.9,34.9,25.1,-0.9,69.1,57.1,35.1,63.2,L"
"10.5,35.7,25.1,0.0,73.9,64.3,48.5,72.5,20.8,37.4,16.9,0.2,77.1,79.9,45.5,82.7,L"
"10.5,35.7,25.1,0.0,73.9,64.3,48.5,72.5,4.0,29.3,27.3,2.0,53.4,46.4,49.0,50.2,W"
"10.5,35.7,25.1,0.0,73.9,64.3,48.5,72.5,6.1,25.5,19.2,-0.2,50.9,72.2,41.1,61.9,L"
"6.1,25.5,19.2,-0.2,50.9,72.2,41.1,61.9,11.2,28.8,17.4,-0.3,48.2,70.2,55.7,62.1,W"
"6.1,25.5,19.2,-0.2,50.9,72.2,41.1,61.9,-1.4,26.9,29.0,0.6,36.9,33.1,58.7,33.6,W"
"6.1,25.5,19.2,-0.2,50.9,72.2,41.1,61.9,4.3,29.3,25.9,0.9,41.0,50.6,60.7,47.3,W"
"6.1,25.5,19.2,-0.2,50.9,72.2,41.1,61.9,0.8,25.0,23.3,-0.9,35.4,59.1,53.1,46.8,L"
"6.1,25.5,19.2,-0.2,50.9,72.2,41.1,61.9,22.8,33.3,12.5,2.0,52.8,74.0,56.0,68.5,L"
"6.1,25.5,19.2,-0.2,50.9,72.2,41.1,61.9,6.0,31.4,25.0,-0.4,57.5,52.2,57.2,57.4,L"
"6.1,25.5,19.2,-0.2,50.9,72.2,41.1,61.9,14.3,27.8,14.4,0.9,49.8,79.2,69.5,71.7,L"
"6.1,25.5,19.2,-0.2,50.9,72.2,41.1,61.9,-5.3,32.1,35.0,-2.5,74.4,30.1,49.9,55.3,L"
"6.1,25.5,19.2,-0.2,50.9,72.2,41.1,61.9,8.9,34.9,25.1,-0.9,69.1,57.1,35.1,63.2,W"
"4.3,29.3,25.9,0.9,41.0,50.6,60.7,47.3,-1.0,28.7,29.9,0.3,46.8,55.8,48.6,51.2,L"
"4.3,29.3,25.9,0.9,41.0,50.6,60.7,47.3,-16.8,16.3,32.8,-0.3,21.5,33.7,48.0,22.6,W"
"4.3,29.3,25.9,0.9,41.0,50.6,60.7,47.3,8.9,34.9,25.1,-0.9,69.1,57.1,35.1,63.2,L"
"4.3,29.3,25.9,0.9,41.0,50.6,60.7,47.3,20.8,37.4,16.9,0.2,77.1,79.9,45.5,82.7,L"
"4.3,29.3,25.9,0.9,41.0,50.6,60.7,47.3,0.8,25.0,23.3,-0.9,35.4,59.1,53.1,46.8,L"
"4.3,29.3,25.9,0.9,41.0,50.6,60.7,47.3,14.3,27.8,14.4,0.9,49.8,79.2,69.5,71.7,L"
"4.3,29.3,25.9,0.9,41.0,50.6,60.7,47.3,6.0,31.4,25.0,-0.4,57.5,52.2,57.2,57.4,W"
"6.0,31.4,25.0,-0.4,57.5,52.2,57.2,57.4,26.0,41.5,14.9,-0.6,88.6,77.2,62.2,89.8,L"
"6.0,31.4,25.0,-0.4,57.5,52.2,57.2,57.4,19.1,42.2,23.0,-0.1,89.2,61.7,31.5,80.2,L"
"6.0,31.4,25.0,-0.4,57.5,52.2,57.2,57.4,8.9,34.9,25.1,-0.9,69.1,57.1,35.1,63.2,L"
"6.0,31.4,25.0,-0.4,57.5,52.2,57.2,57.4,-23.6,19.2,40.9,-1.9,18.4,13.9,39.8,9.9,W"
"6.0,31.4,25.0,-0.4,57.5,52.2,57.2,57.4,4.0,29.3,27.3,2.0,53.4,46.4,49.0,50.2,L"
"6.0,31.4,25.0,-0.4,57.5,52.2,57.2,57.4,0.8,25.0,23.3,-0.9,35.4,59.1,53.1,46.8,W"
"6.0,31.4,25.0,-0.4,57.5,52.2,57.2,57.4,14.3,27.8,14.4,0.9,49.8,79.2,69.5,71.7,L"
"0.8,25.0,23.3,-0.9,35.4,59.1,53.1,46.8,10.2,28.6,20.2,1.8,48.2,66.9,53.2,59.3,L"
"0.8,25.0,23.3,-0.9,35.4,59.1,53.1,46.8,9.1,28.6,20.5,1.0,62.5,64.7,56.1,67.8,W"
"0.8,25.0,23.3,-0.9,35.4,59.1,53.1,46.8,8.9,34.9,25.1,-0.9,69.1,57.1,35.1,63.2,W"
"0.8,25.0,23.3,-0.9,35.4,59.1,53.1,46.8,14.3,27.8,14.4,0.9,49.8,79.2,69.5,71.7,L"
"14.3,27.8,14.4,0.9,49.8,79.2,69.5,71.7,-16.8,16.3,32.8,-0.3,21.5,33.7,48.0,22.6,W"
"14.3,27.8,14.4,0.9,49.8,79.2,69.5,71.7,8.9,34.9,25.1,-0.9,69.1,57.1,35.1,63.2,L"
"26.7,39.6,15.4,2.6,85.9,87.2,55.8,91.6,20.8,37.4,16.9,0.2,77.1,79.9,45.5,82.7,W"
"26.7,39.6,15.4,2.6,85.9,87.2,55.8,91.6,16.0,32.4,18.1,1.7,56.0,83.1,52.7,73.6,W"
"26.7,39.6,15.4,2.6,85.9,87.2,55.8,91.6,1.2,25.8,25.7,1.1,34.8,47.1,49.0,38.9,W"
"26.7,39.6,15.4,2.6,85.9,87.2,55.8,91.6,0.6,32.3,29.0,-2.6,54.3,37.0,33.9,40.9,W"
"26.7,39.6,15.4,2.6,85.9,87.2,55.8,91.6,11.1,35.5,26.4,2.0,73.7,38.7,42.5,56.7,W"
"26.7,39.6,15.4,2.6,85.9,87.2,55.8,91.6,7.8,28.4,19.7,-0.8,52.1,66.3,47.3,61.6,W"
"26.7,39.6,15.4,2.6,85.9,87.2,55.8,91.6,24.7,35.4,11.0,0.2,70.7,84.7,46.8,82.4,L"
"26.7,39.6,15.4,2.6,85.9,87.2,55.8,91.6,2.7,30.8,29.5,1.5,55.0,43.5,64.3,52.0,W"
"26.7,39.6,15.4,2.6,85.9,87.2,55.8,91.6,8.9,34.9,25.1,-0.9,69.1,57.1,35.1,63.2,W"
"1.2,25.8,25.7,1.1,34.8,47.1,49.0,38.9,10.1,30.8,22.4,1.7,33.1,59.1,46.9,44.5,L"
"1.2,25.8,25.7,1.1,34.8,47.1,49.0,38.9,7.8,28.4,19.7,-0.8,52.1,66.3,47.3,61.6,L"
"1.2,25.8,25.7,1.1,34.8,47.1,49.0,38.9,33.5,38.7,5.6,0.4,86.4,89.9,50.6,92.8,L"
"1.2,25.8,25.7,1.1,34.8,47.1,49.0,38.9,2.7,30.8,29.5,1.5,55.0,43.5,64.3,52.0,L"
"1.2,25.8,25.7,1.1,34.8,47.1,49.0,38.9,11.1,35.5,26.4,2.0,73.7,38.7,42.5,56.7,L"
"1.2,25.8,25.7,1.1,34.8,47.1,49.0,38.9,21.1,35.6,14.0,-0.5,75.5,67.6,44.0,74.9,L"
"1.2,25.8,25.7,1.1,34.8,47.1,49.0,38.9,0.6,32.3,29.0,-2.6,54.3,37.0,33.9,40.9,L"
"7.8,28.4,19.7,-0.8,52.1,66.3,47.3,61.6,11.1,35.5,26.4,2.0,73.7,38.7,42.5,56.7,W"
"7.8,28.4,19.7,-0.8,52.1,66.3,47.3,61.6,2.7,30.8,29.5,1.5,55.0,43.5,64.3,52.0,L"
"7.8,28.4,19.7,-0.8,52.1,66.3,47.3,61.6,9.4,33.1,25.2,1.5,48.3,60.2,57.6,56.9,L"
"7.8,28.4,19.7,-0.8,52.1,66.3,47.3,61.6,2.1,34.1,31.8,-0.2,54.7,35.3,52.1,43.7,W"
"7.8,28.4,19.7,-0.8,52.1,66.3,47.3,61.6,0.6,32.3,29.0,-2.6,54.3,37.0,33.9,40.9,W"
"7.8,28.4,19.7,-0.8,52.1,66.3,47.3,61.6,10.1,30.8,22.4,1.7,33.1,59.1,46.9,44.5,W"
"2.7,30.8,29.5,1.5,55.0,43.5,64.3,52.0,10.1,30.8,22.4,1.7,33.1,59.1,46.9,44.5,L"
"2.7,30.8,29.5,1.5,55.0,43.5,64.3,52.0,11.1,35.5,26.4,2.0,73.7,38.7,42.5,56.7,W"
"2.7,30.8,29.5,1.5,55.0,43.5,64.3,52.0,16.0,32.4,18.1,1.7,56.0,83.1,52.7,73.6,L"
"2.7,30.8,29.5,1.5,55.0,43.5,64.3,52.0,11.6,38.9,28.8,1.6,64.0,41.1,56.7,54.1,L"
"2.7,30.8,29.5,1.5,55.0,43.5,64.3,52.0,0.6,32.3,29.0,-2.6,54.3,37.0,33.9,40.9,W"
"11.1,35.5,26.4,2.0,73.7,38.7,42.5,56.7,5.8,28.6,22.1,-0.7,52.2,69.6,43.3,62.3,L"
"11.1,35.5,26.4,2.0,73.7,38.7,42.5,56.7,24.7,35.4,11.0,0.2,70.7,84.7,46.8,82.4,L"
"11.1,35.5,26.4,2.0,73.7,38.7,42.5,56.7,-12.4,18.7,30.2,-0.8,20.7,45.9,47.3,28.3,W"
"11.1,35.5,26.4,2.0,73.7,38.7,42.5,56.7,10.1,30.8,22.4,1.7,33.1,59.1,46.9,44.5,W"
"11.1,35.5,26.4,2.0,73.7,38.7,42.5,56.7,0.6,32.3,29.0,-2.6,54.3,37.0,33.9,40.9,W"
"11.1,35.5,26.4,2.0,73.7,38.7,42.5,56.7,2.1,34.1,31.8,-0.2,54.7,35.3,52.1,43.7,W"
"0.6,32.3,29.0,-2.6,54.3,37.0,33.9,40.9,10.9,34.4,26.1,2.6,57.4,60.4,77.8,67.3,W"
"0.6,32.3,29.0,-2.6,54.3,37.0,33.9,40.9,33.5,38.7,5.6,0.4,86.4,89.9,50.6,92.8,L"
"0.6,32.3,29.0,-2.6,54.3,37.0,33.9,40.9,10.1,30.8,22.4,1.7,33.1,59.1,46.9,44.5,L"
"0.6,32.3,29.0,-2.6,54.3,37.0,33.9,40.9,11.6,38.9,28.8,1.6,64.0,41.1,56.7,54.1,L"
"21.1,35.6,14.0,-0.5,75.5,67.6,44.0,74.9,16.0,32.4,18.1,1.7,56.0,83.1,52.7,73.6,L"
"21.1,35.6,14.0,-0.5,75.5,67.6,44.0,74.9,4.0,29.3,27.3,2.0,53.4,46.4,49.0,50.2,W"
"21.1,35.6,14.0,-0.5,75.5,67.6,44.0,74.9,1.6,27.5,23.5,-2.4,48.5,60.7,43.4,54.6,L"
"21.1,35.6,14.0,-0.5,75.5,67.6,44.0,74.9,10.1,30.8,22.4,1.7,33.1,59.1,46.9,44.5,W"
"21.1,35.6,14.0,-0.5,75.5,67.6,44.0,74.9,24.7,35.4,11.0,0.2,70.7,84.7,46.8,82.4,W"
"21.1,35.6,14.0,-0.5,75.5,67.6,44.0,74.9,11.6,38.9,28.8,1.6,64.0,41.1,56.7,54.1,W"
"21.1,35.6,14.0,-0.5,75.5,67.6,44.0,74.9,33.5,38.7,5.6,0.4,86.4,89.9,50.6,92.8,L"
"21.1,35.6,14.0,-0.5,75.5,67.6,44.0,74.9,2.1,34.1,31.8,-0.2,54.7,35.3,52.1,43.7,W"
"21.1,35.6,14.0,-0.5,75.5,67.6,44.0,74.9,9.4,33.1,25.2,1.5,48.3,60.2,57.6,56.9,W"
"33.5,38.7,5.6,0.4,86.4,89.9,50.6,92.8,-2.7,22.3,25.5,0.5,50.4,66.6,49.5,60.4,W"
"33.5,38.7,5.6,0.4,86.4,89.9,50.6,92.8,3.9,34.6,32.7,2.0,63.2,26.6,49.0,44.4,W"
"33.5,38.7,5.6,0.4,86.4,89.9,50.6,92.8,11.6,38.9,28.8,1.6,64.0,41.1,56.7,54.1,W"
"33.5,38.7,5.6,0.4,86.4,89.9,50.6,92.8,9.4,33.1,25.2,1.5,48.3,60.2,57.6,56.9,W"
"33.5,38.7,5.6,0.4,86.4,89.9,50.6,92.8,2.1,34.1,31.8,-0.2,54.7,35.3,52.1,43.7,W"
"33.5,38.7,5.6,0.4,86.4,89.9,50.6,92.8,16.0,32.4,18.1,1.7,56.0,83.1,52.7,73.6,W"
"33.5,38.7,5.6,0.4,86.4,89.9,50.6,92.8,24.7,35.4,11.0,0.2,70.7,84.7,46.8,82.4,L"
"9.4,33.1,25.2,1.5,48.3,60.2,57.6,56.9,4.9,39.3,34.5,0.1,63.2,43.4,45.2,52.8,L"
"9.4,33.1,25.2,1.5,48.3,60.2,57.6,56.9,10.1,30.8,22.4,1.7,33.1,59.1,46.9,44.5,W"
"9.4,33.1,25.2,1.5,48.3,60.2,57.6,56.9,16.0,32.4,18.1,1.7,56.0,83.1,52.7,73.6,L"
"9.4,33.1,25.2,1.5,48.3,60.2,57.6,56.9,24.7,35.4,11.0,0.2,70.7,84.7,46.8,82.4,L"
"9.4,33.1,25.2,1.5,48.3,60.2,57.6,56.9,-12.4,20.8,34.2,0.9,24.4,30.5,40.6,21.5,W"
"9.4,33.1,25.2,1.5,48.3,60.2,57.6,56.9,11.6,38.9,28.8,1.6,64.0,41.1,56.7,54.1,W"
"24.7,35.4,11.0,0.2,70.7,84.7,46.8,82.4,16.0,32.4,18.1,1.7,56.0,83.1,52.7,73.6,W"
"24.7,35.4,11.0,0.2,70.7,84.7,46.8,82.4,11.6,38.9,28.8,1.6,64.0,41.1,56.7,54.1,W"
"24.7,35.4,11.0,0.2,70.7,84.7,46.8,82.4,2.1,34.1,31.8,-0.2,54.7,35.3,52.1,43.7,W"
"16.0,32.4,18.1,1.7,56.0,83.1,52.7,73.6,-7.4,18.6,25.8,-0.3,19.7,49.3,48.9,29.8,W"
"16.0,32.4,18.1,1.7,56.0,83.1,52.7,73.6,2.1,34.1,31.8,-0.2,54.7,35.3,52.1,43.7,W"
"16.0,32.4,18.1,1.7,56.0,83.1,52.7,73.6,11.6,38.9,28.8,1.6,64.0,41.1,56.7,54.1,L"
"11.6,38.9,28.8,1.6,64.0,41.1,56.7,54.1,-12.0,18.3,31.4,1.1,16.7,41.0,74.0,28.2,W"
"11.6,38.9,28.8,1.6,64.0,41.1,56.7,54.1,-1.0,28.7,29.9,0.3,46.8,55.8,48.6,51.2,L"
"11.6,38.9,28.8,1.6,64.0,41.1,56.7,54.1,2.1,34.1,31.8,-0.2,54.7,35.3,52.1,43.7,L"
"2.1,34.1,31.8,-0.2,54.7,35.3,52.1,43.7,18.9,35.7,18.7,1.9,66.2,77.5,72.5,80.0,L"
"30.9,42.9,12.8,0.9,85.6,83.5,49.1,89.5,10.2,28.6,20.2,1.8,48.2,66.9,53.2,59.3,W"
"30.9,42.9,12.8,0.9,85.6,83.5,49.1,89.5,25.5,49.8,24.2,-0.1,96.6,52.3,38.2,85.9,L"
"30.9,42.9,12.8,0.9,85.6,83.5,49.1,89.5,-5.3,32.1,35.0,-2.5,74.4,30.1,49.9,55.3,W"
"30.9,42.9,12.8,0.9,85.6,83.5,49.1,89.5,-14.5,26.2,39.8,-0.9,46.9,23.4,48.2,30.7,W"
"30.9,42.9,12.8,0.9,85.6,83.5,49.1,89.5,-5.5,23.3,29.0,0.2,25.6,48.3,49.4,34.7,W"
"30.9,42.9,12.8,0.9,85.6,83.5,49.1,89.5,-4.5,26.7,28.3,-2.9,47.4,36.8,63.6,42.5,W"
"30.9,42.9,12.8,0.9,85.6,83.5,49.1,89.5,2.5,25.6,23.7,0.6,50.8,30.6,62.3,40.5,W"
"30.9,42.9,12.8,0.9,85.6,83.5,49.1,89.5,26.0,41.5,14.9,-0.6,88.6,77.2,62.2,89.8,W"
"30.9,42.9,12.8,0.9,85.6,83.5,49.1,89.5,9.8,28.4,19.4,0.8,52.7,71.5,56.6,66.9,L"
"30.9,42.9,12.8,0.9,85.6,83.5,49.1,89.5,13.8,27.7,15.1,1.2,56.4,75.7,50.5,69.0,W"
"30.9,42.9,12.8,0.9,85.6,83.5,49.1,89.5,-7.4,21.6,29.9,0.9,18.1,36.8,56.6,23.9,W"
"30.9,42.9,12.8,0.9,85.6,83.5,49.1,89.5,19.6,31.1,11.8,0.3,45.6,82.3,57.5,69.3,W"
"26.0,41.5,14.9,-0.6,88.6,77.2,62.2,89.8,-17.6,24.1,39.6,-2.2,29.6,44.2,45.5,33.3,W"
"26.0,41.5,14.9,-0.6,88.6,77.2,62.2,89.8,-14.0,17.0,28.6,-2.4,25.2,41.2,36.4,26.5,W"
"26.0,41.5,14.9,-0.6,88.6,77.2,62.2,89.8,9.8,28.4,19.4,0.8,52.7,71.5,56.6,66.9,W"
"26.0,41.5,14.9,-0.6,88.6,77.2,62.2,89.8,10.2,28.6,20.2,1.8,48.2,66.9,53.2,59.3,W"
"26.0,41.5,14.9,-0.6,88.6,77.2,62.2,89.8,11.2,28.8,17.4,-0.3,48.2,70.2,55.7,62.1,W"
"26.0,41.5,14.9,-0.6,88.6,77.2,62.2,89.8,19.6,31.1,11.8,0.3,45.6,82.3,57.5,69.3,W"
"26.0,41.5,14.9,-0.6,88.6,77.2,62.2,89.8,13.8,27.7,15.1,1.2,56.4,75.7,50.5,69.0,L"
"26.0,41.5,14.9,-0.6,88.6,77.2,62.2,89.8,-5.5,23.3,29.0,0.2,25.6,48.3,49.4,34.7,W"
"26.0,41.5,14.9,-0.6,88.6,77.2,62.2,89.8,2.5,25.6,23.7,0.6,50.8,30.6,62.3,40.5,W"
"26.0,41.5,14.9,-0.6,88.6,77.2,62.2,89.8,-4.5,26.7,28.3,-2.9,47.4,36.8,63.6,42.5,W"
"19.6,31.1,11.8,0.3,45.6,82.3,57.5,69.3,-6.4,23.3,28.2,-1.4,37.2,29.2,42.5,27.8,W"
"19.6,31.1,11.8,0.3,45.6,82.3,57.5,69.3,-11.0,28.8,40.5,0.7,54.3,21.4,43.0,34.9,W"
"19.6,31.1,11.8,0.3,45.6,82.3,57.5,69.3,5.8,28.6,22.1,-0.7,52.2,69.6,43.3,62.3,W"
"19.6,31.1,11.8,0.3,45.6,82.3,57.5,69.3,13.8,27.7,15.1,1.2,56.4,75.7,50.5,69.0,L"
"19.6,31.1,11.8,0.3,45.6,82.3,57.5,69.3,10.2,28.6,20.2,1.8,48.2,66.9,53.2,59.3,W"
"19.6,31.1,11.8,0.3,45.6,82.3,57.5,69.3,-5.5,23.3,29.0,0.2,25.6,48.3,49.4,34.7,W"
"19.6,31.1,11.8,0.3,45.6,82.3,57.5,69.3,0.4,23.9,22.1,-1.4,36.0,55.0,52.7,45.1,W"
"19.6,31.1,11.8,0.3,45.6,82.3,57.5,69.3,-4.5,26.7,28.3,-2.9,47.4,36.8,63.6,42.5,W"
"19.6,31.1,11.8,0.3,45.6,82.3,57.5,69.3,26.8,37.4,11.6,1.0,70.1,86.9,57.2,84.7,L"
"-4.5,26.7,28.3,-2.9,47.4,36.8,63.6,42.5,10.6,26.7,16.3,0.2,35.1,86.6,59.4,67.7,W"
"-4.5,26.7,28.3,-2.9,47.4,36.8,63.6,42.5,0.4,23.9,22.1,-1.4,36.0,55.0,52.7,45.1,W"
"-4.5,26.7,28.3,-2.9,47.4,36.8,63.6,42.5,11.2,28.8,17.4,-0.3,48.2,70.2,55.7,62.1,L"
"-4.5,26.7,28.3,-2.9,47.4,36.8,63.6,42.5,26.8,37.4,11.6,1.0,70.1,86.9,57.2,84.7,L"
"-4.5,26.7,28.3,-2.9,47.4,36.8,63.6,42.5,10.2,28.6,20.2,1.8,48.2,66.9,53.2,59.3,W"
"-4.5,26.7,28.3,-2.9,47.4,36.8,63.6,42.5,-5.5,23.3,29.0,0.2,25.6,48.3,49.4,34.7,L"
"-4.5,26.7,28.3,-2.9,47.4,36.8,63.6,42.5,13.8,27.7,15.1,1.2,56.4,75.7,50.5,69.0,L"
"-5.5,23.3,29.0,0.2,25.6,48.3,49.4,34.7,22.1,39.4,16.3,-1.1,78.3,75.4,55.4,82.4,L"
"-5.5,23.3,29.0,0.2,25.6,48.3,49.4,34.7,2.5,25.6,23.7,0.6,50.8,30.6,62.3,40.5,L"
"-5.5,23.3,29.0,0.2,25.6,48.3,49.4,34.7,-7.4,21.6,29.9,0.9,18.1,36.8,56.6,23.9,W"
"-5.5,23.3,29.0,0.2,25.6,48.3,49.4,34.7,5.8,28.6,22.1,-0.7,52.2,69.6,43.3,62.3,W"
"-5.5,23.3,29.0,0.2,25.6,48.3,49.4,34.7,10.2,28.6,20.2,1.8,48.2,66.9,53.2,59.3,L"
"-5.5,23.3,29.0,0.2,25.6,48.3,49.4,34.7,13.8,27.7,15.1,1.2,56.4,75.7,50.5,69.0,L"
"0.4,23.9,22.1,-1.4,36.0,55.0,52.7,45.1,-11.2,24.9,33.9,-2.2,56.3,34.8,49.4,44.0,W"
"0.4,23.9,22.1,-1.4,36.0,55.0,52.7,45.1,-12.6,28.8,39.9,-1.5,32.9,21.7,46.6,21.4,W"
"0.4,23.9,22.1,-1.4,36.0,55.0,52.7,45.1,5.8,28.6,22.1,-0.7,52.2,69.6,43.3,62.3,L"
"0.4,23.9,22.1,-1.4,36.0,55.0,52.7,45.1,13.8,27.7,15.1,1.2,56.4,75.7,50.5,69.0,L"
"0.4,23.9,22.1,-1.4,36.0,55.0,52.7,45.1,-7.4,21.6,29.9,0.9,18.1,36.8,56.6,23.9,W"
"0.4,23.9,22.1,-1.4,36.0,55.0,52.7,45.1,9.8,28.4,19.4,0.8,52.7,71.5,56.6,66.9,L"
"0.4,23.9,22.1,-1.4,36.0,55.0,52.7,45.1,2.5,25.6,23.7,0.6,50.8,30.6,62.3,40.5,W"
"0.4,23.9,22.1,-1.4,36.0,55.0,52.7,45.1,11.2,28.8,17.4,-0.3,48.2,70.2,55.7,62.1,L"
"0.4,23.9,22.1,-1.4,36.0,55.0,52.7,45.1,26.8,37.4,11.6,1.0,70.1,86.9,57.2,84.7,L"
"26.8,37.4,11.6,1.0,70.1,86.9,57.2,84.7,-3.3,24.4,28.0,0.3,28.2,63.3,53.9,46.7,W"
"26.8,37.4,11.6,1.0,70.1,86.9,57.2,84.7,-7.4,18.6,25.8,-0.3,19.7,49.3,48.9,29.8,W"
"26.8,37.4,11.6,1.0,70.1,86.9,57.2,84.7,11.2,28.8,17.4,-0.3,48.2,70.2,55.7,62.1,W"
"26.8,37.4,11.6,1.0,70.1,86.9,57.2,84.7,2.5,25.6,23.7,0.6,50.8,30.6,62.3,40.5,W"
"26.8,37.4,11.6,1.0,70.1,86.9,57.2,84.7,5.8,28.6,22.1,-0.7,52.2,69.6,43.3,62.3,W"
"26.8,37.4,11.6,1.0,70.1,86.9,57.2,84.7,-7.4,21.6,29.9,0.9,18.1,36.8,56.6,23.9,W"
"26.8,37.4,11.6,1.0,70.1,86.9,57.2,84.7,10.2,28.6,20.2,1.8,48.2,66.9,53.2,59.3,W"
"26.8,37.4,11.6,1.0,70.1,86.9,57.2,84.7,9.8,28.4,19.4,0.8,52.7,71.5,56.6,66.9,W"
"9.8,28.4,19.4,0.8,52.7,71.5,56.6,66.9,-2.5,19.7,23.1,0.9,24.7,67.2,60.3,48.7,W"
"9.8,28.4,19.4,0.8,52.7,71.5,56.6,66.9,7.5,38.2,30.7,0.0,66.9,70.4,51.7,72.8,W"
"9.8,28.4,19.4,0.8,52.7,71.5,56.6,66.9,-4.5,28.6,34.3,1.2,54.2,27.0,56.9,39.0,W"
"9.8,28.4,19.4,0.8,52.7,71.5,56.6,66.9,13.8,27.7,15.1,1.2,56.4,75.7,50.5,69.0,L"
"9.8,28.4,19.4,0.8,52.7,71.5,56.6,66.9,-7.4,21.6,29.9,0.9,18.1,36.8,56.6,23.9,W"
"9.8,28.4,19.4,0.8,52.7,71.5,56.6,66.9,11.2,28.8,17.4,-0.3,48.2,70.2,55.7,62.1,L"
"9.8,28.4,19.4,0.8,52.7,71.5,56.6,66.9,5.8,28.6,22.1,-0.7,52.2,69.6,43.3,62.3,L"
"9.8,28.4,19.4,0.8,52.7,71.5,56.6,66.9,2.5,25.6,23.7,0.6,50.8,30.6,62.3,40.5,W"
"-7.4,21.6,29.9,0.9,18.1,36.8,56.6,23.9,-19.7,20.3,37.7,-2.3,21.5,13.2,29.0,10.0,W"
"-7.4,21.6,29.9,0.9,18.1,36.8,56.6,23.9,2.5,25.6,23.7,0.6,50.8,30.6,62.3,40.5,L"
"-7.4,21.6,29.9,0.9,18.1,36.8,56.6,23.9,5.8,28.6,22.1,-0.7,52.2,69.6,43.3,62.3,L"
"-7.4,21.6,29.9,0.9,18.1,36.8,56.6,23.9,10.2,28.6,20.2,1.8,48.2,66.9,53.2,59.3,L"
"-7.4,21.6,29.9,0.9,18.1,36.8,56.6,23.9,11.2,28.8,17.4,-0.3,48.2,70.2,55.7,62.1,L"
"5.8,28.6,22.1,-0.7,52.2,69.6,43.3,62.3,3.3,32.2,30.6,1.7,56.9,51.9,53.2,56.1,W"
"5.8,28.6,22.1,-0.7,52.2,69.6,43.3,62.3,2.5,25.6,23.7,0.6,50.8,30.6,62.3,40.5,L"
"5.8,28.6,22.1,-0.7,52.2,69.6,43.3,62.3,11.2,28.8,17.4,-0.3,48.2,70.2,55.7,62.1,L"
"5.8,28.6,22.1,-0.7,52.2,69.6,43.3,62.3,10.2,28.6,20.2,1.8,48.2,66.9,53.2,59.3,W"
"2.5,25.6,23.7,0.6,50.8,30.6,62.3,40.5,1.5,29.3,28.6,0.8,41.0,51.0,54.8,45.7,W"
"2.5,25.6,23.7,0.6,50.8,30.6,62.3,40.5,9.1,35.0,25.1,-0.7,55.9,64.3,47.5,61.9,L"
"2.5,25.6,23.7,0.6,50.8,30.6,62.3,40.5,11.2,28.8,17.4,-0.3,48.2,70.2,55.7,62.1,L"
"11.2,28.8,17.4,-0.3,48.2,70.2,55.7,62.1,-16.4,25.6,41.1,-0.9,42.0,32.3,31.9,30.4,W"
"11.2,28.8,17.4,-0.3,48.2,70.2,55.7,62.1,-10.0,27.5,38.9,1.4,33.1,19.9,58.3,22.3,W"
"11.2,28.8,17.4,-0.3,48.2,70.2,55.7,62.1,13.8,27.7,15.1,1.2,56.4,75.7,50.5,69.0,W"
"9.1,35.0,25.1,-0.7,55.9,64.3,47.5,61.9,-2.5,19.7,23.1,0.9,24.7,67.2,60.3,48.7,W"
"9.1,35.0,25.1,-0.7,55.9,64.3,47.5,61.9,1.0,33.9,33.1,0.2,65.9,45.1,45.7,56.5,L"
"9.1,35.0,25.1,-0.7,55.9,64.3,47.5,61.9,-1.0,28.7,29.9,0.3,46.8,55.8,48.6,51.2,W"
"9.1,35.0,25.1,-0.7,55.9,64.3,47.5,61.9,8.6,30.9,22.1,-0.3,45.7,78.8,38.3,62.2,L"
"9.1,35.0,25.1,-0.7,55.9,64.3,47.5,61.9,15.8,37.7,24.5,2.6,77.6,55.6,64.9,72.9,L"
"9.1,35.0,25.1,-0.7,55.9,64.3,47.5,61.9,4.9,39.3,34.5,0.1,63.2,43.4,45.2,52.8,L"
"9.1,35.0,25.1,-0.7,55.9,64.3,47.5,61.9,12.0,30.6,20.5,1.9,47.7,71.7,63.9,64.6,W"
"9.1,35.0,25.1,-0.7,55.9,64.3,47.5,61.9,22.1,39.4,16.3,-1.1,78.3,75.4,55.4,82.4,L"
"9.1,35.0,25.1,-0.7,55.9,64.3,47.5,61.9,3.7,38.1,33.9,-0.5,81.2,39.4,40.6,61.4,W"
"9.1,35.0,25.1,-0.7,55.9,64.3,47.5,61.9,-12.6,28.8,39.9,-1.5,32.9,21.7,46.6,21.4,W"
"-12.6,28.8,39.9,-1.5,32.9,21.7,46.6,21.4,3.9,34.6,32.7,2.0,63.2,26.6,49.0,44.4,L"
"-12.6,28.8,39.9,-1.5,32.9,21.7,46.6,21.4,8.6,30.9,22.1,-0.3,45.7,78.8,38.3,62.2,L"
"-12.6,28.8,39.9,-1.5,32.9,21.7,46.6,21.4,22.1,39.4,16.3,-1.1,78.3,75.4,55.4,82.4,L"
"-12.6,28.8,39.9,-1.5,32.9,21.7,46.6,21.4,17.9,38.5,20.0,-0.6,67.5,68.0,50.1,71.7,L"
"-12.6,28.8,39.9,-1.5,32.9,21.7,46.6,21.4,2.0,30.3,30.1,1.8,47.9,42.2,62.9,46.4,L"
"-12.6,28.8,39.9,-1.5,32.9,21.7,46.6,21.4,15.8,37.7,24.5,2.6,77.6,55.6,64.9,72.9,L"
"-12.6,28.8,39.9,-1.5,32.9,21.7,46.6,21.4,-1.0,28.7,29.9,0.3,46.8,55.8,48.6,51.2,L"
"-12.6,28.8,39.9,-1.5,32.9,21.7,46.6,21.4,3.7,38.1,33.9,-0.5,81.2,39.4,40.6,61.4,L"
"-12.6,28.8,39.9,-1.5,32.9,21.7,46.6,21.4,1.0,33.9,33.1,0.2,65.9,45.1,45.7,56.5,L"
"22.1,39.4,16.3,-1.1,78.3,75.4,55.4,82.4,-2.7,22.3,25.5,0.5,50.4,66.6,49.5,60.4,W"
"22.1,39.4,16.3,-1.1,78.3,75.4,55.4,82.4,2.0,30.3,30.1,1.8,47.9,42.2,62.9,46.4,W"
"22.1,39.4,16.3,-1.1,78.3,75.4,55.4,82.4,-1.0,28.7,29.9,0.3,46.8,55.8,48.6,51.2,W"
"22.1,39.4,16.3,-1.1,78.3,75.4,55.4,82.4,1.0,33.9,33.1,0.2,65.9,45.1,45.7,56.5,L"
"22.1,39.4,16.3,-1.1,78.3,75.4,55.4,82.4,4.9,39.3,34.5,0.1,63.2,43.4,45.2,52.8,W"
"22.1,39.4,16.3,-1.1,78.3,75.4,55.4,82.4,15.8,37.7,24.5,2.6,77.6,55.6,64.9,72.9,L"
"22.1,39.4,16.3,-1.1,78.3,75.4,55.4,82.4,12.0,30.6,20.5,1.9,47.7,71.7,63.9,64.6,W"
"22.1,39.4,16.3,-1.1,78.3,75.4,55.4,82.4,8.6,30.9,22.1,-0.3,45.7,78.8,38.3,62.2,W"
"15.8,37.7,24.5,2.6,77.6,55.6,64.9,72.9,17.9,38.5,20.0,-0.6,67.5,68.0,50.1,71.7,L"
"15.8,37.7,24.5,2.6,77.6,55.6,64.9,72.9,4.5,28.5,24.8,0.9,50.6,61.9,57.5,59.4,L"
"15.8,37.7,24.5,2.6,77.6,55.6,64.9,72.9,4.9,39.3,34.5,0.1,63.2,43.4,45.2,52.8,W"
"15.8,37.7,24.5,2.6,77.6,55.6,64.9,72.9,1.0,33.9,33.1,0.2,65.9,45.1,45.7,56.5,W"
"15.8,37.7,24.5,2.6,77.6,55.6,64.9,72.9,12.0,30.6,20.5,1.9,47.7,71.7,63.9,64.6,W"
"15.8,37.7,24.5,2.6,77.6,55.6,64.9,72.9,8.6,30.9,22.1,-0.3,45.7,78.8,38.3,62.2,L"
"15.8,37.7,24.5,2.6,77.6,55.6,64.9,72.9,-1.0,28.7,29.9,0.3,46.8,55.8,48.6,51.2,W"
"15.8,37.7,24.5,2.6,77.6,55.6,64.9,72.9,20.8,37.4,16.9,0.2,77.1,79.9,45.5,82.7,W"
"-1.0,28.7,29.9,0.3,46.8,55.8,48.6,51.2,17.9,38.5,20.0,-0.6,67.5,68.0,50.1,71.7,L"
"-1.0,28.7,29.9,0.3,46.8,55.8,48.6,51.2,8.6,30.9,22.1,-0.3,45.7,78.8,38.3,62.2,W"
"-1.0,28.7,29.9,0.3,46.8,55.8,48.6,51.2,3.7,38.1,33.9,-0.5,81.2,39.4,40.6,61.4,L"
"-1.0,28.7,29.9,0.3,46.8,55.8,48.6,51.2,2.0,30.3,30.1,1.8,47.9,42.2,62.9,46.4,L"
"-1.0,28.7,29.9,0.3,46.8,55.8,48.6,51.2,4.9,39.3,34.5,0.1,63.2,43.4,45.2,52.8,L"
"8.6,30.9,22.1,-0.3,45.7,78.8,38.3,62.2,9.1,28.6,20.5,1.0,62.5,64.7,56.1,67.8,W"
"8.6,30.9,22.1,-0.3,45.7,78.8,38.3,62.2,-16.4,25.6,41.1,-0.9,42.0,32.3,31.9,30.4,W"
"8.6,30.9,22.1,-0.3,45.7,78.8,38.3,62.2,17.9,38.5,20.0,-0.6,67.5,68.0,50.1,71.7,W"
"8.6,30.9,22.1,-0.3,45.7,78.8,38.3,62.2,2.0,30.3,30.1,1.8,47.9,42.2,62.9,46.4,W"
"8.6,30.9,22.1,-0.3,45.7,78.8,38.3,62.2,3.7,38.1,33.9,-0.5,81.2,39.4,40.6,61.4,L"
"8.6,30.9,22.1,-0.3,45.7,78.8,38.3,62.2,12.0,30.6,20.5,1.9,47.7,71.7,63.9,64.6,W"
"12.0,30.6,20.5,1.9,47.7,71.7,63.9,64.6,-7.4,18.6,25.8,-0.3,19.7,49.3,48.9,29.8,W"
"12.0,30.6,20.5,1.9,47.7,71.7,63.9,64.6,-20.0,15.2,37.5,2.3,10.7,23.3,51.7,11.8,W"
"12.0,30.6,20.5,1.9,47.7,71.7,63.9,64.6,3.7,38.1,33.9,-0.5,81.2,39.4,40.6,61.4,W"
"12.0,30.6,20.5,1.9,47.7,71.7,63.9,64.6,17.9,38.5,20.0,-0.6,67.5,68.0,50.1,71.7,L"
"12.0,30.6,20.5,1.9,47.7,71.7,63.9,64.6,1.0,33.9,33.1,0.2,65.9,45.1,45.7,56.5,L"
"12.0,30.6,20.5,1.9,47.7,71.7,63.9,64.6,4.9,39.3,34.5,0.1,63.2,43.4,45.2,52.8,W"
"12.0,30.6,20.5,1.9,47.7,71.7,63.9,64.6,2.0,30.3,30.1,1.8,47.9,42.2,62.9,46.4,W"
"17.9,38.5,20.0,-0.6,67.5,68.0,50.1,71.7,10.6,26.7,16.3,0.2,35.1,86.6,59.4,67.7,W"
"17.9,38.5,20.0,-0.6,67.5,68.0,50.1,71.7,20.8,37.4,16.9,0.2,77.1,79.9,45.5,82.7,L"
"17.9,38.5,20.0,-0.6,67.5,68.0,50.1,71.7,1.0,33.9,33.1,0.2,65.9,45.1,45.7,56.5,W"
"17.9,38.5,20.0,-0.6,67.5,68.0,50.1,71.7,3.7,38.1,33.9,-0.5,81.2,39.4,40.6,61.4,W"
"17.9,38.5,20.0,-0.6,67.5,68.0,50.1,71.7,2.0,30.3,30.1,1.8,47.9,42.2,62.9,46.4,W"
"17.9,38.5,20.0,-0.6,67.5,68.0,50.1,71.7,4.9,39.3,34.5,0.1,63.2,43.4,45.2,52.8,W"
"4.9,39.3,34.5,0.1,63.2,43.4,45.2,52.8,7.8,37.6,30.6,0.7,74.0,49.0,55.9,65.9,L"
"4.9,39.3,34.5,0.1,63.2,43.4,45.2,52.8,2.0,30.3,30.1,1.8,47.9,42.2,62.9,46.4,W"
"4.9,39.3,34.5,0.1,63.2,43.4,45.2,52.8,3.7,38.1,33.9,-0.5,81.2,39.4,40.6,61.4,L"
"4.9,39.3,34.5,0.1,63.2,43.4,45.2,52.8,1.0,33.9,33.1,0.2,65.9,45.1,45.7,56.5,W"
"1.0,33.9,33.1,0.2,65.9,45.1,45.7,56.5,4.5,28.5,24.8,0.9,50.6,61.9,57.5,59.4,L"
"1.0,33.9,33.1,0.2,65.9,45.1,45.7,56.5,4.8,34.4,28.3,-1.3,66.9,55.9,40.2,62.3,L"
"1.0,33.9,33.1,0.2,65.9,45.1,45.7,56.5,2.0,30.3,30.1,1.8,47.9,42.2,62.9,46.4,W"
"1.0,33.9,33.1,0.2,65.9,45.1,45.7,56.5,3.7,38.1,33.9,-0.5,81.2,39.4,40.6,61.4,W"
"3.7,38.1,33.9,-0.5,81.2,39.4,40.6,61.4,7.7,32.3,25.8,1.3,44.3,68.0,53.1,59.4,L"
"3.7,38.1,33.9,-0.5,81.2,39.4,40.6,61.4,-27.4,12.8,38.7,-1.5,7.3,23.7,42.6,9.1,W"
"3.7,38.1,33.9,-0.5,81.2,39.4,40.6,61.4,2.0,30.3,30.1,1.8,47.9,42.2,62.9,46.4,W"
"2.0,30.3,30.1,1.8,47.9,42.2,62.9,46.4,-23.5,14.7,36.9,-1.3,17.8,25.4,30.7,13.9,W"
"25.5,49.8,24.2,-0.1,96.6,52.3,38.2,85.9,-27.4,12.8,38.7,-1.5,7.3,23.7,42.6,9.1,W"
"25.5,49.8,24.2,-0.1,96.6,52.3,38.2,85.9,-5.7,28.5,35.0,0.9,43.3,43.5,56.5,43.0,W"
"25.5,49.8,24.2,-0.1,96.6,52.3,38.2,85.9,-1.4,26.9,29.0,0.6,36.9,33.1,58.7,33.6,W"
"25.5,49.8,24.2,-0.1,96.6,52.3,38.2,85.9,7.5,38.2,30.7,0.0,66.9,70.4,51.7,72.8,L"
"25.5,49.8,24.2,-0.1,96.6,52.3,38.2,85.9,10.9,34.4,26.1,2.6,57.4,60.4,77.8,67.3,W"
"25.5,49.8,24.2,-0.1,96.6,52.3,38.2,85.9,4.8,34.4,28.3,-1.3,66.9,55.9,40.2,62.3,W"
"25.5,49.8,24.2,-0.1,96.6,52.3,38.2,85.9,19.1,42.2,23.0,-0.1,89.2,61.7,31.5,80.2,W"
"25.5,49.8,24.2,-0.1,96.6,52.3,38.2,85.9,18.9,35.7,18.7,1.9,66.2,77.5,72.5,80.0,W"
"25.5,49.8,24.2,-0.1,96.6,52.3,38.2,85.9,-14.8,21.6,36.7,0.4,19.5,27.0,33.4,16.0,W"
"25.5,49.8,24.2,-0.1,96.6,52.3,38.2,85.9,5.6,33.6,27.2,-0.8,66.6,52.4,37.7,58.9,W"
"-1.4,26.9,29.0,0.6,36.9,33.1,58.7,33.6,10.9,34.4,26.1,2.6,57.4,60.4,77.8,67.3,L"
"-1.4,26.9,29.0,0.6,36.9,33.1,58.7,33.6,19.1,42.2,23.0,-0.1,89.2,61.7,31.5,80.2,L"
"-1.4,26.9,29.0,0.6,36.9,33.1,58.7,33.6,5.6,33.6,27.2,-0.8,66.6,52.4,37.7,58.9,L"
"-1.4,26.9,29.0,0.6,36.9,33.1,58.7,33.6,10.6,26.7,16.3,0.2,35.1,86.6,59.4,67.7,L"
"-1.4,26.9,29.0,0.6,36.9,33.1,58.7,33.6,-14.8,21.6,36.7,0.4,19.5,27.0,33.4,16.0,W"
"-1.4,26.9,29.0,0.6,36.9,33.1,58.7,33.6,7.5,38.2,30.7,0.0,66.9,70.4,51.7,72.8,L"
"-1.4,26.9,29.0,0.6,36.9,33.1,58.7,33.6,18.9,35.7,18.7,1.9,66.2,77.5,72.5,80.0,L"
"19.1,42.2,23.0,-0.1,89.2,61.7,31.5,80.2,-10.7,27.3,37.8,-0.2,47.6,24.0,46.4,31.4,W"
"19.1,42.2,23.0,-0.1,89.2,61.7,31.5,80.2,-12.0,18.3,31.4,1.1,16.7,41.0,74.0,28.2,W"
"19.1,42.2,23.0,-0.1,89.2,61.7,31.5,80.2,18.9,35.7,18.7,1.9,66.2,77.5,72.5,80.0,L"
"19.1,42.2,23.0,-0.1,89.2,61.7,31.5,80.2,4.8,34.4,28.3,-1.3,66.9,55.9,40.2,62.3,W"
"19.1,42.2,23.0,-0.1,89.2,61.7,31.5,80.2,10.6,26.7,16.3,0.2,35.1,86.6,59.4,67.7,W"
"19.1,42.2,23.0,-0.1,89.2,61.7,31.5,80.2,5.6,33.6,27.2,-0.8,66.6,52.4,37.7,58.9,W"
"19.1,42.2,23.0,-0.1,89.2,61.7,31.5,80.2,7.5,38.2,30.7,0.0,66.9,70.4,51.7,72.8,W"
"19.1,42.2,23.0,-0.1,89.2,61.7,31.5,80.2,10.9,34.4,26.1,2.6,57.4,60.4,77.8,67.3,L"
"19.1,42.2,23.0,-0.1,89.2,61.7,31.5,80.2,-14.8,21.6,36.7,0.4,19.5,27.0,33.4,16.0,W"
"7.5,38.2,30.7,0.0,66.9,70.4,51.7,72.8,-17.6,24.1,39.6,-2.2,29.6,44.2,45.5,33.3,W"
"7.5,38.2,30.7,0.0,66.9,70.4,51.7,72.8,10.6,26.7,16.3,0.2,35.1,86.6,59.4,67.7,L"
"7.5,38.2,30.7,0.0,66.9,70.4,51.7,72.8,-14.8,21.6,36.7,0.4,19.5,27.0,33.4,16.0,W"
"7.5,38.2,30.7,0.0,66.9,70.4,51.7,72.8,4.8,34.4,28.3,-1.3,66.9,55.9,40.2,62.3,W"
"7.5,38.2,30.7,0.0,66.9,70.4,51.7,72.8,18.9,35.7,18.7,1.9,66.2,77.5,72.5,80.0,W"
"7.5,38.2,30.7,0.0,66.9,70.4,51.7,72.8,5.6,33.6,27.2,-0.8,66.6,52.4,37.7,58.9,L"
"7.5,38.2,30.7,0.0,66.9,70.4,51.7,72.8,10.9,34.4,26.1,2.6,57.4,60.4,77.8,67.3,L"
"10.6,26.7,16.3,0.2,35.1,86.6,59.4,67.7,-20.0,15.2,37.5,2.3,10.7,23.3,51.7,11.8,W"
"10.6,26.7,16.3,0.2,35.1,86.6,59.4,67.7,10.9,34.4,26.1,2.6,57.4,60.4,77.8,67.3,W"
"10.6,26.7,16.3,0.2,35.1,86.6,59.4,67.7,18.9,35.7,18.7,1.9,66.2,77.5,72.5,80.0,L"
"10.6,26.7,16.3,0.2,35.1,86.6,59.4,67.7,-14.8,21.6,36.7,0.4,19.5,27.0,33.4,16.0,W"
"10.6,26.7,16.3,0.2,35.1,86.6,59.4,67.7,5.6,33.6,27.2,-0.8,66.6,52.4,37.7,58.9,W"
"10.6,26.7,16.3,0.2,35.1,86.6,59.4,67.7,4.8,34.4,28.3,-1.3,66.9,55.9,40.2,62.3,L"
"10.9,34.4,26.1,2.6,57.4,60.4,77.8,67.3,-26.1,13.7,37.7,-2.1,11.0,18.5,59.2,10.5,W"
"10.9,34.4,26.1,2.6,57.4,60.4,77.8,67.3,18.9,35.7,18.7,1.9,66.2,77.5,72.5,80.0,L"
"10.9,34.4,26.1,2.6,57.4,60.4,77.8,67.3,-14.8,21.6,36.7,0.4,19.5,27.0,33.4,16.0,W"
"10.9,34.4,26.1,2.6,57.4,60.4,77.8,67.3,4.8,34.4,28.3,-1.3,66.9,55.9,40.2,62.3,W"
"10.9,34.4,26.1,2.6,57.4,60.4,77.8,67.3,5.6,33.6,27.2,-0.8,66.6,52.4,37.7,58.9,L"
"18.9,35.7,18.7,1.9,66.2,77.5,72.5,80.0,-2.9,35.4,37.4,-0.9,65.8,29.5,43.1,45.7,W"
"18.9,35.7,18.7,1.9,66.2,77.5,72.5,80.0,5.6,33.6,27.2,-0.8,66.6,52.4,37.7,58.9,W"
"18.9,35.7,18.7,1.9,66.2,77.5,72.5,80.0,-14.8,21.6,36.7,0.4,19.5,27.0,33.4,16.0,W"
"18.9,35.7,18.7,1.9,66.2,77.5,72.5,80.0,4.8,34.4,28.3,-1.3,66.9,55.9,40.2,62.3,W"
"4.8,34.4,28.3,-1.3,66.9,55.9,40.2,62.3,7.7,32.3,25.8,1.3,44.3,68.0,53.1,59.4,W"
"4.8,34.4,28.3,-1.3,66.9,55.9,40.2,62.3,-14.8,21.6,36.7,0.4,19.5,27.0,33.4,16.0,W"
"4.8,34.4,28.3,-1.3,66.9,55.9,40.2,62.3,5.6,33.6,27.2,-0.8,66.6,52.4,37.7,58.9,L"
"5.6,33.6,27.2,-0.8,66.6,52.4,37.7,58.9,-14.8,21.6,36.7,0.4,19.5,27.0,33.4,16.0,W"
"-14.8,21.6,36.7,0.4,19.5,27.0,33.4,16.0,3.3,32.2,30.6,1.7,56.9,51.9,53.2,56.1,L"
"20.8,37.4,16.9,0.2,77.1,79.9,45.5,82.7,0.5,25.1,24.1,-0.5,34.4,56.4,56.9,45.6,W"
"20.8,37.4,16.9,0.2,77.1,79.9,45.5,82.7,13.8,27.7,15.1,1.2,56.4,75.7,50.5,69.0,W"
"20.8,37.4,16.9,0.2,77.1,79.9,45.5,82.7,-0.7,32.5,32.1,-1.2,63.3,45.6,56.8,58.0,W"
"2.4,26.5,22.1,-1.9,50.3,67.4,57.6,62.9,3.6,31.2,28.1,0.5,55.5,47.4,56.7,53.4,W"
"2.4,26.5,22.1,-1.9,50.3,67.4,57.6,62.9,6.5,37.2,30.8,0.0,72.3,52.3,60.3,67.0,L"
"2.4,26.5,22.1,-1.9,50.3,67.4,57.6,62.9,2.9,28.1,23.9,-1.3,52.6,62.4,63.1,62.2,W"
"2.4,26.5,22.1,-1.9,50.3,67.4,57.6,62.9,9.4,35.1,26.7,1.1,75.0,57.0,44.6,69.9,L"
"2.4,26.5,22.1,-1.9,50.3,67.4,57.6,62.9,-9.1,24.5,33.6,0.0,26.7,20.6,63.5,20.4,W"
"2.4,26.5,22.1,-1.9,50.3,67.4,57.6,62.9,3.9,32.8,29.4,0.4,57.8,40.7,53.6,49.9,W"
"2.4,26.5,22.1,-1.9,50.3,67.4,57.6,62.9,29.7,43.0,12.6,-0.6,81.6,92.3,33.7,90.8,L"
"2.4,26.5,22.1,-1.9,50.3,67.4,57.6,62.9,1.4,25.0,22.8,-0.8,29.5,63.2,44.7,45.2,L"
"2.4,26.5,22.1,-1.9,50.3,67.4,57.6,62.9,7.5,32.1,27.4,2.8,59.5,72.4,68.8,72.7,L"
"29.7,43.0,12.6,-0.6,81.6,92.3,33.7,90.8,21.6,40.3,19.8,1.1,68.9,55.3,70.3,70.1,W"
"29.7,43.0,12.6,-0.6,81.6,92.3,33.7,90.8,0.3,33.0,33.9,1.2,70.9,38.1,59.7,59.1,W"
"29.7,43.0,12.6,-0.6,81.6,92.3,33.7,90.8,7.5,32.1,27.4,2.8,59.5,72.4,68.8,72.7,W"
"29.7,43.0,12.6,-0.6,81.6,92.3,33.7,90.8,3.6,31.2,28.1,0.5,55.5,47.4,56.7,53.4,W"
"29.7,43.0,12.6,-0.6,81.6,92.3,33.7,90.8,9.4,35.1,26.7,1.1,75.0,57.0,44.6,69.9,W"
"29.7,43.0,12.6,-0.6,81.6,92.3,33.7,90.8,1.4,25.0,22.8,-0.8,29.5,63.2,44.7,45.2,W"
"29.7,43.0,12.6,-0.6,81.6,92.3,33.7,90.8,-9.1,24.5,33.6,0.0,26.7,20.6,63.5,20.4,W"
"29.7,43.0,12.6,-0.6,81.6,92.3,33.7,90.8,5.0,30.5,25.0,-0.5,55.9,60.7,55.6,61.4,W"
"29.7,43.0,12.6,-0.6,81.6,92.3,33.7,90.8,14.9,36.4,23.6,2.0,71.2,56.3,57.4,67.9,W"
"1.4,25.0,22.8,-0.8,29.5,63.2,44.7,45.2,3.9,32.8,29.4,0.4,57.8,40.7,53.6,49.9,L"
"1.4,25.0,22.8,-0.8,29.5,63.2,44.7,45.2,7.5,32.1,27.4,2.8,59.5,72.4,68.8,72.7,L"
"1.4,25.0,22.8,-0.8,29.5,63.2,44.7,45.2,-9.1,24.5,33.6,0.0,26.7,20.6,63.5,20.4,W"
"1.4,25.0,22.8,-0.8,29.5,63.2,44.7,45.2,3.6,31.2,28.1,0.5,55.5,47.4,56.7,53.4,W"
"1.4,25.0,22.8,-0.8,29.5,63.2,44.7,45.2,9.4,35.1,26.7,1.1,75.0,57.0,44.6,69.9,L"
"1.4,25.0,22.8,-0.8,29.5,63.2,44.7,45.2,20.7,34.6,14.5,0.6,71.6,80.3,54.2,81.9,L"
"1.4,25.0,22.8,-0.8,29.5,63.2,44.7,45.2,23.0,38.6,17.4,1.7,68.5,74.9,52.2,76.3,L"
"-9.1,24.5,33.6,0.0,26.7,20.6,63.5,20.4,7.1,29.7,22.0,-0.6,54.4,67.5,48.5,63.3,L"
"-9.1,24.5,33.6,0.0,26.7,20.6,63.5,20.4,0.3,33.0,33.9,1.2,70.9,38.1,59.7,59.1,L"
"-9.1,24.5,33.6,0.0,26.7,20.6,63.5,20.4,3.6,31.2,28.1,0.5,55.5,47.4,56.7,53.4,L"
"-9.1,24.5,33.6,0.0,26.7,20.6,63.5,20.4,7.5,32.1,27.4,2.8,59.5,72.4,68.8,72.7,L"
"-9.1,24.5,33.6,0.0,26.7,20.6,63.5,20.4,9.4,35.1,26.7,1.1,75.0,57.0,44.6,69.9,L"
"-9.1,24.5,33.6,0.0,26.7,20.6,63.5,20.4,13.1,29.5,16.3,-0.1,56.0,75.6,53.6,70.7,L"
"9.4,35.1,26.7,1.1,75.0,57.0,44.6,69.9,-20.4,23.6,43.6,-0.4,33.0,11.0,45.2,14.6,W"
"7.5,32.1,27.4,2.8,59.5,72.4,68.8,72.7,1.0,22.0,20.5,-0.5,29.0,62.4,59.9,47.1,L"
"7.5,32.1,27.4,2.8,59.5,72.4,68.8,72.7,5.4,28.3,22.6,-0.4,51.4,80.6,44.5,68.7,L"
"7.5,32.1,27.4,2.8,59.5,72.4,68.8,72.7,6.3,28.2,22.8,1.0,45.0,60.0,59.5,54.9,L"
"7.5,32.1,27.4,2.8,59.5,72.4,68.8,72.7,-22.0,24.7,43.9,-2.8,32.5,17.3,53.5,20.0,W"
"7.5,32.1,27.4,2.8,59.5,72.4,68.8,72.7,-19.3,11.9,31.0,-0.2,14.4,46.8,62.7,28.1,W"
"7.5,32.1,27.4,2.8,59.5,72.4,68.8,72.7,-20.4,20.5,40.3,-0.6,24.0,31.2,44.7,22.0,W"
"7.5,32.1,27.4,2.8,59.5,72.4,68.8,72.7,-1.5,29.4,28.7,-2.2,57.4,50.1,49.6,55.4,L"
"7.5,32.1,27.4,2.8,59.5,72.4,68.8,72.7,-1.1,31.3,29.9,-2.5,74.8,42.7,36.2,60.4,L"
"7.5,32.1,27.4,2.8,59.5,72.4,68.8,72.7,4.0,38.2,35.0,0.8,75.8,27.1,64.8,55.0,W"
"7.5,32.1,27.4,2.8,59.5,72.4,68.8,72.7,-18.9,22.5,40.2,-1.2,41.1,24.1,44.4,27.1,W"
"3.6,31.2,28.1,0.5,55.5,47.4,56.7,53.4,-3.5,23.8,28.3,0.9,35.1,50.0,59.2,43.0,W"
"3.6,31.2,28.1,0.5,55.5,47.4,56.7,53.4,20.7,34.6,14.5,0.6,71.6,80.3,54.2,81.9,L"
"3.6,31.2,28.1,0.5,55.5,47.4,56.7,53.4,-26.4,15.0,42.5,1.1,9.9,19.5,60.8,10.6,W"
"3.6,31.2,28.1,0.5,55.5,47.4,56.7,53.4,7.5,32.1,27.4,2.8,59.5,72.4,68.8,72.7,L"
"3.6,31.2,28.1,0.5,55.5,47.4,56.7,53.4,9.4,35.1,26.7,1.1,75.0,57.0,44.6,69.9,W"
"3.6,31.2,28.1,0.5,55.5,47.4,56.7,53.4,2.7,29.0,26.6,0.4,65.5,56.5,49.9,63.4,L"
"3.6,31.2,28.1,0.5,55.5,47.4,56.7,53.4,5.0,30.5,25.0,-0.5,55.9,60.7,55.6,61.4,W"
"5.0,30.5,25.0,-0.5,55.9,60.7,55.6,61.4,-1.5,29.4,28.7,-2.2,57.4,50.1,49.6,55.4,W"
"5.0,30.5,25.0,-0.5,55.9,60.7,55.6,61.4,1.9,25.5,21.6,-2.0,45.6,70.5,50.9,60.2,W"
"5.0,30.5,25.0,-0.5,55.9,60.7,55.6,61.4,2.0,33.1,30.3,-0.8,60.2,36.9,54.0,49.6,W"
"5.0,30.5,25.0,-0.5,55.9,60.7,55.6,61.4,3.9,32.8,29.4,0.4,57.8,40.7,53.6,49.9,L"
"5.0,30.5,25.0,-0.5,55.9,60.7,55.6,61.4,0.3,33.0,33.9,1.2,70.9,38.1,59.7,59.1,W"
"5.0,30.5,25.0,-0.5,55.9,60.7,55.6,61.4,7.1,29.7,22.0,-0.6,54.4,67.5,48.5,63.3,L"
"5.0,30.5,25.0,-0.5,55.9,60.7,55.6,61.4,2.7,29.0,26.6,0.4,65.5,56.5,49.9,63.4,L"
"5.0,30.5,25.0,-0.5,55.9,60.7,55.6,61.4,-2.5,29.9,31.9,-0.5,44.9,39.6,58.1,42.1,W"
"0.3,33.0,33.9,1.2,70.9,38.1,59.7,59.1,2.7,29.0,26.6,0.4,65.5,56.5,49.9,63.4,L"
"0.3,33.0,33.9,1.2,70.9,38.1,59.7,59.1,-22.0,24.7,43.9,-2.8,32.5,17.3,53.5,20.0,W"
"0.3,33.0,33.9,1.2,70.9,38.1,59.7,59.1,3.9,32.8,29.4,0.4,57.8,40.7,53.6,49.9,W"
"0.3,33.0,33.9,1.2,70.9,38.1,59.7,59.1,-2.5,29.9,31.9,-0.5,44.9,39.6,58.1,42.1,W"
"0.3,33.0,33.9,1.2,70.9,38.1,59.7,59.1,7.1,29.7,22.0,-0.6,54.4,67.5,48.5,63.3,W"
"0.3,33.0,33.9,1.2,70.9,38.1,59.7,59.1,32.9,45.9,14.2,1.3,91.6,83.7,53.8,93.2,L"
"12.7,29.3,15.8,-0.8,42.3,84.2,36.5,65.6,2.0,35.2,34.4,1.1,57.7,34.9,75.1,50.8,W"
"12.7,29.3,15.8,-0.8,42.3,84.2,36.5,65.6,-2.5,29.9,31.9,-0.5,44.9,39.6,58.1,42.1,W"
"12.7,29.3,15.8,-0.8,42.3,84.2,36.5,65.6,1.4,25.0,22.8,-0.8,29.5,63.2,44.7,45.2,W"
"12.7,29.3,15.8,-0.8,42.3,84.2,36.5,65.6,7.1,29.7,22.0,-0.6,54.4,67.5,48.5,63.3,L"
"12.7,29.3,15.8,-0.8,42.3,84.2,36.5,65.6,2.4,26.5,22.1,-1.9,50.3,67.4,57.6,62.9,L"
"12.7,29.3,15.8,-0.8,42.3,84.2,36.5,65.6,5.0,30.5,25.0,-0.5,55.9,60.7,55.6,61.4,L"
"12.7,29.3,15.8,-0.8,42.3,84.2,36.5,65.6,0.3,33.0,33.9,1.2,70.9,38.1,59.7,59.1,L"
"12.7,29.3,15.8,-0.8,42.3,84.2,36.5,65.6,3.9,32.8,29.4,0.4,57.8,40.7,53.6,49.9,W"
"12.7,29.3,15.8,-0.8,42.3,84.2,36.5,65.6,2.7,29.0,26.6,0.4,65.5,56.5,49.9,63.4,W"
"-2.5,29.9,31.9,-0.5,44.9,39.6,58.1,42.1,3.9,18.3,15.6,1.2,27.9,80.7,53.0,56.5,L"
"2.7,29.0,26.6,0.4,65.5,56.5,49.9,63.4,19.0,33.9,14.6,-0.3,62.3,73.7,59.7,74.0,L"
"2.7,29.0,26.6,0.4,65.5,56.5,49.9,63.4,-2.5,29.9,31.9,-0.5,44.9,39.6,58.1,42.1,L"
"2.7,29.0,26.6,0.4,65.5,56.5,49.9,63.4,7.5,32.1,27.4,2.8,59.5,72.4,68.8,72.7,W"
"2.7,29.0,26.6,0.4,65.5,56.5,49.9,63.4,20.7,34.6,14.5,0.6,71.6,80.3,54.2,81.9,L"
"2.7,29.0,26.6,0.4,65.5,56.5,49.9,63.4,7.1,29.7,22.0,-0.6,54.4,67.5,48.5,63.3,W"
"2.7,29.0,26.6,0.4,65.5,56.5,49.9,63.4,3.9,32.8,29.4,0.4,57.8,40.7,53.6,49.9,W"
"7.1,29.7,22.0,-0.6,54.4,67.5,48.5,63.3,1.6,30.2,29.1,0.4,57.9,48.3,45.1,53.1,L"
"7.1,29.7,22.0,-0.6,54.4,67.5,48.5,63.3,4.0,38.2,35.0,0.8,75.8,27.1,64.8,55.0,W"
"7.1,29.7,22.0,-0.6,54.4,67.5,48.5,63.3,9.4,35.1,26.7,1.1,75.0,57.0,44.6,69.9,L"
"7.1,29.7,22.0,-0.6,54.4,67.5,48.5,63.3,-2.5,29.9,31.9,-0.5,44.9,39.6,58.1,42.1,W"
"7.1,29.7,22.0,-0.6,54.4,67.5,48.5,63.3,-19.7,25.1,41.7,-3.1,36.4,33.2,38.1,29.3,W"
"7.1,29.7,22.0,-0.6,54.4,67.5,48.5,63.3,3.9,32.8,29.4,0.4,57.8,40.7,53.6,49.9,L"
"32.9,45.9,14.2,1.3,91.6,83.7,53.8,93.2,14.9,36.4,23.6,2.0,71.2,56.3,57.4,67.9,W"
"32.9,45.9,14.2,1.3,91.6,83.7,53.8,93.2,20.8,41.3,21.0,0.5,73.8,77.1,43.1,78.9,W"
"32.9,45.9,14.2,1.3,91.6,83.7,53.8,93.2,5.5,33.4,28.9,1.0,41.7,59.6,53.9,52.1,W"
"32.9,45.9,14.2,1.3,91.6,83.7,53.8,93.2,7.6,35.6,27.1,-0.9,64.1,53.8,50.6,61.0,W"
"32.9,45.9,14.2,1.3,91.6,83.7,53.8,93.2,24.2,34.8,13.4,2.7,67.5,80.4,57.1,79.7,L"
"32.9,45.9,14.2,1.3,91.6,83.7,53.8,93.2,13.1,29.5,16.3,-0.1,56.0,75.6,53.6,70.7,W"
"32.9,45.9,14.2,1.3,91.6,83.7,53.8,93.2,23.6,36.9,14.1,0.7,53.6,75.4,55.7,70.0,W"
"23.0,38.6,17.4,1.7,68.5,74.9,52.2,76.3,13.1,29.5,16.3,-0.1,56.0,75.6,53.6,70.7,L"
"23.0,38.6,17.4,1.7,68.5,74.9,52.2,76.3,-10.3,27.6,36.7,-1.2,33.7,23.1,29.8,20.7,W"
"23.0,38.6,17.4,1.7,68.5,74.9,52.2,76.3,5.5,33.4,28.9,1.0,41.7,59.6,53.9,52.1,W"
"23.0,38.6,17.4,1.7,68.5,74.9,52.2,76.3,23.2,34.6,10.5,-0.9,66.5,83.1,36.4,78.5,W"
"23.0,38.6,17.4,1.7,68.5,74.9,52.2,76.3,24.2,34.8,13.4,2.7,67.5,80.4,57.1,79.7,W"
"23.0,38.6,17.4,1.7,68.5,74.9,52.2,76.3,7.6,35.6,27.1,-0.9,64.1,53.8,50.6,61.0,W"
"23.0,38.6,17.4,1.7,68.5,74.9,52.2,76.3,20.8,41.3,21.0,0.5,73.8,77.1,43.1,78.9,L"
"23.0,38.6,17.4,1.7,68.5,74.9,52.2,76.3,14.9,36.4,23.6,2.0,71.2,56.3,57.4,67.9,W"
"5.5,33.4,28.9,1.0,41.7,59.6,53.9,52.1,-26.6,12.1,37.1,-1.6,10.6,23.1,39.3,10.2,W"
"5.5,33.4,28.9,1.0,41.7,59.6,53.9,52.1,23.6,36.9,14.1,0.7,53.6,75.4,55.7,70.0,W"
"5.5,33.4,28.9,1.0,41.7,59.6,53.9,52.1,36.3,50.9,14.2,-0.4,96.6,88.4,49.4,96.9,L"
"5.5,33.4,28.9,1.0,41.7,59.6,53.9,52.1,14.9,36.4,23.6,2.0,71.2,56.3,57.4,67.9,L"
"5.5,33.4,28.9,1.0,41.7,59.6,53.9,52.1,-18.5,15.0,33.5,0.0,28.4,37.8,34.3,26.0,W"
"5.5,33.4,28.9,1.0,41.7,59.6,53.9,52.1,13.1,29.5,16.3,-0.1,56.0,75.6,53.6,70.7,W"
"5.5,33.4,28.9,1.0,41.7,59.6,53.9,52.1,20.8,41.3,21.0,0.5,73.8,77.1,43.1,78.9,L"
"5.5,33.4,28.9,1.0,41.7,59.6,53.9,52.1,7.6,35.6,27.1,-0.9,64.1,53.8,50.6,61.0,L"
"13.1,29.5,16.3,-0.1,56.0,75.6,53.6,70.7,23.2,34.6,10.5,-0.9,66.5,83.1,36.4,78.5,W"
"13.1,29.5,16.3,-0.1,56.0,75.6,53.6,70.7,14.9,36.4,23.6,2.0,71.2,56.3,57.4,67.9,W"
"13.1,29.5,16.3,-0.1,56.0,75.6,53.6,70.7,21.6,40.3,19.8,1.1,68.9,55.3,70.3,70.1,L"
"13.1,29.5,16.3,-0.1,56.0,75.6,53.6,70.7,7.6,35.6,27.1,-0.9,64.1,53.8,50.6,61.0,W"
"13.1,29.5,16.3,-0.1,56.0,75.6,53.6,70.7,20.8,41.3,21.0,0.5,73.8,77.1,43.1,78.9,W"
"20.8,41.3,21.0,0.5,73.8,77.1,43.1,78.9,1.9,25.1,23.7,0.4,23.6,67.4,52.3,44.3,W"
"20.8,41.3,21.0,0.5,73.8,77.1,43.1,78.9,6.5,37.2,30.8,0.0,72.3,52.3,60.3,67.0,W"
"20.8,41.3,21.0,0.5,73.8,77.1,43.1,78.9,14.9,36.4,23.6,2.0,71.2,56.3,57.4,67.9,L"
"20.8,41.3,21.0,0.5,73.8,77.1,43.1,78.9,36.3,50.9,14.2,-0.4,96.6,88.4,49.4,96.9,L"
"20.8,41.3,21.0,0.5,73.8,77.1,43.1,78.9,9.2,38.8,30.5,0.8,71.0,45.3,52.6,60.9,W"
"20.8,41.3,21.0,0.5,73.8,77.1,43.1,78.9,7.6,35.6,27.1,-0.9,64.1,53.8,50.6,61.0,W"
"20.8,41.3,21.0,0.5,73.8,77.1,43.1,78.9,4.5,29.7,25.7,0.5,28.4,46.8,45.9,33.8,W"
"7.6,35.6,27.1,-0.9,64.1,53.8,50.6,61.0,-0.5,27.5,28.0,0.1,34.3,60.3,47.0,45.8,W"
"7.6,35.6,27.1,-0.9,64.1,53.8,50.6,61.0,20.7,34.6,14.5,0.6,71.6,80.3,54.2,81.9,L"
"7.6,35.6,27.1,-0.9,64.1,53.8,50.6,61.0,14.9,36.4,23.6,2.0,71.2,56.3,57.4,67.9,L"
"7.6,35.6,27.1,-0.9,64.1,53.8,50.6,61.0,4.5,29.7,25.7,0.5,28.4,46.8,45.9,33.8,W"
"7.6,35.6,27.1,-0.9,64.1,53.8,50.6,61.0,9.8,42.1,31.2,-1.2,71.3,32.6,41.3,49.9,W"
"24.2,34.8,13.4,2.7,67.5,80.4,57.1,79.7,23.6,36.9,14.1,0.7,53.6,75.4,55.7,70.0,W"
"24.2,34.8,13.4,2.7,67.5,80.4,57.1,79.7,9.8,42.1,31.2,-1.2,71.3,32.6,41.3,49.9,W"
"24.2,34.8,13.4,2.7,67.5,80.4,57.1,79.7,23.2,34.6,10.5,-0.9,66.5,83.1,36.4,78.5,W"
"24.2,34.8,13.4,2.7,67.5,80.4,57.1,79.7,36.3,50.9,14.2,-0.4,96.6,88.4,49.4,96.9,L"
"24.2,34.8,13.4,2.7,67.5,80.4,57.1,79.7,4.5,29.7,25.7,0.5,28.4,46.8,45.9,33.8,W"
"24.2,34.8,13.4,2.7,67.5,80.4,57.1,79.7,-26.4,15.0,42.5,1.1,9.9,19.5,60.8,10.6,W"
"24.2,34.8,13.4,2.7,67.5,80.4,57.1,79.7,21.6,40.3,19.8,1.1,68.9,55.3,70.3,70.1,L"
"36.3,50.9,14.2,-0.4,96.6,88.4,49.4,96.9,1.2,29.9,27.9,-0.8,48.8,46.5,53.7,48.0,W"
"36.3,50.9,14.2,-0.4,96.6,88.4,49.4,96.9,9.8,42.1,31.2,-1.2,71.3,32.6,41.3,49.9,W"
"36.3,50.9,14.2,-0.4,96.6,88.4,49.4,96.9,21.6,40.3,19.8,1.1,68.9,55.3,70.3,70.1,W"
"36.3,50.9,14.2,-0.4,96.6,88.4,49.4,96.9,4.5,29.7,25.7,0.5,28.4,46.8,45.9,33.8,W"
"36.3,50.9,14.2,-0.4,96.6,88.4,49.4,96.9,23.2,34.6,10.5,-0.9,66.5,83.1,36.4,78.5,W"
"36.3,50.9,14.2,-0.4,96.6,88.4,49.4,96.9,23.6,36.9,14.1,0.7,53.6,75.4,55.7,70.0,W"
"21.6,40.3,19.8,1.1,68.9,55.3,70.3,70.1,14.9,36.4,23.6,2.0,71.2,56.3,57.4,67.9,W"
"21.6,40.3,19.8,1.1,68.9,55.3,70.3,70.1,23.2,34.6,10.5,-0.9,66.5,83.1,36.4,78.5,L"
"21.6,40.3,19.8,1.1,68.9,55.3,70.3,70.1,23.6,36.9,14.1,0.7,53.6,75.4,55.7,70.0,L"
"21.6,40.3,19.8,1.1,68.9,55.3,70.3,70.1,9.8,42.1,31.2,-1.2,71.3,32.6,41.3,49.9,W"
"21.6,40.3,19.8,1.1,68.9,55.3,70.3,70.1,-0.3,24.1,24.4,0.0,45.1,62.8,43.6,53.2,W"
"23.6,36.9,14.1,0.7,53.6,75.4,55.7,70.0,4.5,29.7,25.7,0.5,28.4,46.8,45.9,33.8,W"
"23.6,36.9,14.1,0.7,53.6,75.4,55.7,70.0,23.2,34.6,10.5,-0.9,66.5,83.1,36.4,78.5,L"
"23.6,36.9,14.1,0.7,53.6,75.4,55.7,70.0,9.8,42.1,31.2,-1.2,71.3,32.6,41.3,49.9,W"
"23.6,36.9,14.1,0.7,53.6,75.4,55.7,70.0,-19.7,25.1,41.7,-3.1,36.4,33.2,38.1,29.3,W"
"23.2,34.6,10.5,-0.9,66.5,83.1,36.4,78.5,-0.5,27.2,27.5,-0.2,47.1,51.3,58.9,50.7,W"
"23.2,34.6,10.5,-0.9,66.5,83.1,36.4,78.5,4.5,29.7,25.7,0.5,28.4,46.8,45.9,33.8,W"
"23.2,34.6,10.5,-0.9,66.5,83.1,36.4,78.5,9.8,42.1,31.2,-1.2,71.3,32.6,41.3,49.9,W"
"9.8,42.1,31.2,-1.2,71.3,32.6,41.3,49.9,-20.4,20.5,40.3,-0.6,24.0,31.2,44.7,22.0,W"
"9.8,42.1,31.2,-1.2,71.3,32.6,41.3,49.9,4.5,29.7,25.7,0.5,28.4,46.8,45.9,33.8,W"
"9.8,42.1,31.2,-1.2,71.3,32.6,41.3,49.9,14.9,36.4,23.6,2.0,71.2,56.3,57.4,67.9,L"
"4.5,29.7,25.7,0.5,28.4,46.8,45.9,33.8,-10.3,27.6,36.7,-1.2,33.7,23.1,29.8,20.7,L"
"4.5,29.7,25.7,0.5,28.4,46.8,45.9,33.8,2.1,29.2,29.5,2.4,50.3,50.8,53.9,51.5,L"
"4.5,29.7,25.7,0.5,28.4,46.8,45.9,33.8,-11.2,22.9,32.3,-1.7,25.3,42.4,40.2,28.0,W"
"24.1,44.4,21.2,0.8,81.1,61.3,64.1,79.5,-16.0,28.8,43.4,-1.3,50.0,15.9,50.1,27.1,W"
"24.1,44.4,21.2,0.8,81.1,61.3,64.1,79.5,-12.3,15.0,28.5,1.2,14.4,42.8,51.9,23.7,W"
"24.1,44.4,21.2,0.8,81.1,61.3,64.1,79.5,-3.5,23.8,28.3,0.9,35.1,50.0,59.2,43.0,W"
"24.1,44.4,21.2,0.8,81.1,61.3,64.1,79.5,19.0,33.9,14.6,-0.3,62.3,73.7,59.7,74.0,W"
"24.1,44.4,21.2,0.8,81.1,61.3,64.1,79.5,1.6,30.2,29.1,0.4,57.9,48.3,45.1,53.1,W"
"24.1,44.4,21.2,0.8,81.1,61.3,64.1,79.5,6.3,28.2,22.8,1.0,45.0,60.0,59.5,54.9,W"
"24.1,44.4,21.2,0.8,81.1,61.3,64.1,79.5,6.5,37.2,30.8,0.0,72.3,52.3,60.3,67.0,L"
"24.1,44.4,21.2,0.8,81.1,61.3,64.1,79.5,5.4,32.7,26.9,-0.4,60.2,44.8,51.5,53.3,W"
"24.1,44.4,21.2,0.8,81.1,61.3,64.1,79.5,3.0,27.6,25.9,1.3,53.7,57.6,57.2,58.6,W"
"24.1,44.4,21.2,0.8,81.1,61.3,64.1,79.5,22.0,35.5,14.3,0.9,74.0,82.8,54.0,83.6,W"
"19.0,33.9,14.6,-0.3,62.3,73.7,59.7,74.0,-20.4,20.5,40.3,-0.6,24.0,31.2,44.7,22.0,W"
"19.0,33.9,14.6,-0.3,62.3,73.7,59.7,74.0,-7.9,29.1,38.6,1.5,48.9,21.8,54.0,31.3,W"
"19.0,33.9,14.6,-0.3,62.3,73.7,59.7,74.0,1.6,30.2,29.1,0.4,57.9,48.3,45.1,53.1,W"
"19.0,33.9,14.6,-0.3,62.3,73.7,59.7,74.0,13.3,30.3,17.7,0.7,62.2,79.7,52.2,75.6,W"
"19.0,33.9,14.6,-0.3,62.3,73.7,59.7,74.0,22.0,35.5,14.3,0.9,74.0,82.8,54.0,83.6,L"
"19.0,33.9,14.6,-0.3,62.3,73.7,59.7,74.0,15.5,39.3,21.6,-2.3,58.9,59.9,44.4,60.4,W"
"19.0,33.9,14.6,-0.3,62.3,73.7,59.7,74.0,-12.3,15.0,28.5,1.2,14.4,42.8,51.9,23.7,W"
"19.0,33.9,14.6,-0.3,62.3,73.7,59.7,74.0,3.0,27.6,25.9,1.3,53.7,57.6,57.2,58.6,W"
"22.0,35.5,14.3,0.9,74.0,82.8,54.0,83.6,20.7,34.6,14.5,0.6,71.6,80.3,54.2,81.9,L"
"22.0,35.5,14.3,0.9,74.0,82.8,54.0,83.6,-5.4,24.0,29.7,0.3,30.0,51.8,52.3,39.2,W"
"22.0,35.5,14.3,0.9,74.0,82.8,54.0,83.6,5.4,32.7,26.9,-0.4,60.2,44.8,51.5,53.3,W"
"22.0,35.5,14.3,0.9,74.0,82.8,54.0,83.6,1.9,25.5,21.6,-2.0,45.6,70.5,50.9,60.2,W"
"22.0,35.5,14.3,0.9,74.0,82.8,54.0,83.6,3.0,27.6,25.9,1.3,53.7,57.6,57.2,58.6,W"
"22.0,35.5,14.3,0.9,74.0,82.8,54.0,83.6,15.5,39.3,21.6,-2.3,58.9,59.9,44.4,60.4,W"
"22.0,35.5,14.3,0.9,74.0,82.8,54.0,83.6,-12.3,15.0,28.5,1.2,14.4,42.8,51.9,23.7,W"
"22.0,35.5,14.3,0.9,74.0,82.8,54.0,83.6,1.6,30.2,29.1,0.4,57.9,48.3,45.1,53.1,W"
"1.6,30.2,29.1,0.4,57.9,48.3,45.1,53.1,-18.9,22.5,40.2,-1.2,41.1,24.1,44.4,27.1,W"
"1.6,30.2,29.1,0.4,57.9,48.3,45.1,53.1,-12.3,15.0,28.5,1.2,14.4,42.8,51.9,23.7,W"
"1.6,30.2,29.1,0.4,57.9,48.3,45.1,53.1,13.3,30.3,17.7,0.7,62.2,79.7,52.2,75.6,L"
"1.6,30.2,29.1,0.4,57.9,48.3,45.1,53.1,6.3,28.2,22.8,1.0,45.0,60.0,59.5,54.9,L"
"1.6,30.2,29.1,0.4,57.9,48.3,45.1,53.1,3.0,27.6,25.9,1.3,53.7,57.6,57.2,58.6,W"
"1.6,30.2,29.1,0.4,57.9,48.3,45.1,53.1,6.5,37.2,30.8,0.0,72.3,52.3,60.3,67.0,L"
"3.0,27.6,25.9,1.3,53.7,57.6,57.2,58.6,-22.0,24.7,43.9,-2.8,32.5,17.3,53.5,20.0,W"
"3.0,27.6,25.9,1.3,53.7,57.6,57.2,58.6,2.9,28.1,23.9,-1.3,52.6,62.4,63.1,62.2,L"
"3.0,27.6,25.9,1.3,53.7,57.6,57.2,58.6,6.3,28.2,22.8,1.0,45.0,60.0,59.5,54.9,W"
"3.0,27.6,25.9,1.3,53.7,57.6,57.2,58.6,-12.3,15.0,28.5,1.2,14.4,42.8,51.9,23.7,W"
"3.0,27.6,25.9,1.3,53.7,57.6,57.2,58.6,13.3,30.3,17.7,0.7,62.2,79.7,52.2,75.6,L"
"3.0,27.6,25.9,1.3,53.7,57.6,57.2,58.6,-7.9,29.1,38.6,1.5,48.9,21.8,54.0,31.3,W"
"-12.3,15.0,28.5,1.2,14.4,42.8,51.9,23.7,-16.4,14.9,29.0,-2.2,14.4,43.2,29.9,19.8,W"
"-12.3,15.0,28.5,1.2,14.4,42.8,51.9,23.7,-10.0,21.9,31.9,0.0,33.0,50.1,47.4,39.0,L"
"-12.3,15.0,28.5,1.2,14.4,42.8,51.9,23.7,-1.1,31.3,29.9,-2.5,74.8,42.7,36.2,60.4,L"
"-12.3,15.0,28.5,1.2,14.4,42.8,51.9,23.7,-7.9,29.1,38.6,1.5,48.9,21.8,54.0,31.3,L"
"-12.3,15.0,28.5,1.2,14.4,42.8,51.9,23.7,1.9,25.5,21.6,-2.0,45.6,70.5,50.9,60.2,L"
"-12.3,15.0,28.5,1.2,14.4,42.8,51.9,23.7,15.5,39.3,21.6,-2.3,58.9,59.9,44.4,60.4,L"
"6.3,28.2,22.8,1.0,45.0,60.0,59.5,54.9,17.4,33.5,15.5,-0.6,65.2,79.2,54.3,77.6,W"
"6.3,28.2,22.8,1.0,45.0,60.0,59.5,54.9,13.3,30.3,17.7,0.7,62.2,79.7,52.2,75.6,L"
"6.3,28.2,22.8,1.0,45.0,60.0,59.5,54.9,5.4,32.7,26.9,-0.4,60.2,44.8,51.5,53.3,L"
"6.3,28.2,22.8,1.0,45.0,60.0,59.5,54.9,-7.9,29.1,38.6,1.5,48.9,21.8,54.0,31.3,L"
"6.3,28.2,22.8,1.0,45.0,60.0,59.5,54.9,6.5,37.2,30.8,0.0,72.3,52.3,60.3,67.0,W"
"6.3,28.2,22.8,1.0,45.0,60.0,59.5,54.9,1.9,25.5,21.6,-2.0,45.6,70.5,50.9,60.2,L"
"6.3,28.2,22.8,1.0,45.0,60.0,59.5,54.9,15.5,39.3,21.6,-2.3,58.9,59.9,44.4,60.4,W"
"15.5,39.3,21.6,-2.3,58.9,59.9,44.4,60.4,-9.5,23.8,35.7,2.4,20.7,35.3,61.2,25.6,W"
"15.5,39.3,21.6,-2.3,58.9,59.9,44.4,60.4,6.2,28.9,22.3,-0.4,45.2,60.6,69.5,57.8,L"
"15.5,39.3,21.6,-2.3,58.9,59.9,44.4,60.4,13.3,30.3,17.7,0.7,62.2,79.7,52.2,75.6,W"
"15.5,39.3,21.6,-2.3,58.9,59.9,44.4,60.4,5.4,32.7,26.9,-0.4,60.2,44.8,51.5,53.3,W"
"15.5,39.3,21.6,-2.3,58.9,59.9,44.4,60.4,-7.9,29.1,38.6,1.5,48.9,21.8,54.0,31.3,W"
"15.5,39.3,21.6,-2.3,58.9,59.9,44.4,60.4,1.9,25.5,21.6,-2.0,45.6,70.5,50.9,60.2,L"
"15.5,39.3,21.6,-2.3,58.9,59.9,44.4,60.4,6.5,37.2,30.8,0.0,72.3,52.3,60.3,67.0,W"
"13.3,30.3,17.7,0.7,62.2,79.7,52.2,75.6,7.9,29.9,21.5,-0.4,56.1,65.9,42.6,62.1,W"
"13.3,30.3,17.7,0.7,62.2,79.7,52.2,75.6,6.5,37.2,30.8,0.0,72.3,52.3,60.3,67.0,L"
"13.3,30.3,17.7,0.7,62.2,79.7,52.2,75.6,1.9,25.5,21.6,-2.0,45.6,70.5,50.9,60.2,L"
"13.3,30.3,17.7,0.7,62.2,79.7,52.2,75.6,-7.9,29.1,38.6,1.5,48.9,21.8,54.0,31.3,W"
"13.3,30.3,17.7,0.7,62.2,79.7,52.2,75.6,5.4,32.7,26.9,-0.4,60.2,44.8,51.5,53.3,W"
"-7.9,29.1,38.6,1.5,48.9,21.8,54.0,31.3,-20.4,20.5,40.3,-0.6,24.0,31.2,44.7,22.0,W"
"-7.9,29.1,38.6,1.5,48.9,21.8,54.0,31.3,6.5,37.2,30.8,0.0,72.3,52.3,60.3,67.0,L"
"-7.9,29.1,38.6,1.5,48.9,21.8,54.0,31.3,5.4,32.7,26.9,-0.4,60.2,44.8,51.5,53.3,L"
"-7.9,29.1,38.6,1.5,48.9,21.8,54.0,31.3,1.9,25.5,21.6,-2.0,45.6,70.5,50.9,60.2,L"
"6.5,37.2,30.8,0.0,72.3,52.3,60.3,67.0,1.9,25.5,21.6,-2.0,45.6,70.5,50.9,60.2,L"
"6.5,37.2,30.8,0.0,72.3,52.3,60.3,67.0,5.4,32.7,26.9,-0.4,60.2,44.8,51.5,53.3,W"
"1.9,25.5,21.6,-2.0,45.6,70.5,50.9,60.2,-19.3,11.9,31.0,-0.2,14.4,46.8,62.7,28.1,L"
"1.9,25.5,21.6,-2.0,45.6,70.5,50.9,60.2,5.4,32.7,26.9,-0.4,60.2,44.8,51.5,53.3,W"
"1.9,25.5,21.6,-2.0,45.6,70.5,50.9,60.2,20.7,34.6,14.5,0.6,71.6,80.3,54.2,81.9,L"
"7.3,34.7,25.8,-1.7,70.3,62.0,47.0,69.2,-22.0,24.7,43.9,-2.8,32.5,17.3,53.5,20.0,W"
"7.3,34.7,25.8,-1.7,70.3,62.0,47.0,69.2,-17.1,17.3,34.7,0.2,17.9,36.5,61.6,24.4,W"
"7.3,34.7,25.8,-1.7,70.3,62.0,47.0,69.2,13.0,35.4,24.3,1.8,72.3,62.4,64.3,73.5,L"
"7.3,34.7,25.8,-1.7,70.3,62.0,47.0,69.2,3.9,18.3,15.6,1.2,27.9,80.7,53.0,56.5,W"
"7.3,34.7,25.8,-1.7,70.3,62.0,47.0,69.2,19.9,34.5,12.7,-1.9,71.7,77.6,42.7,78.7,W"
"7.3,34.7,25.8,-1.7,70.3,62.0,47.0,69.2,11.3,38.8,27.3,-0.2,81.4,51.9,53.2,73.6,L"
"7.3,34.7,25.8,-1.7,70.3,62.0,47.0,69.2,3.6,32.3,29.0,0.3,57.5,42.0,40.7,47.5,L"
"7.3,34.7,25.8,-1.7,70.3,62.0,47.0,69.2,-0.4,30.7,32.4,1.3,55.4,43.5,38.7,46.8,W"
"7.3,34.7,25.8,-1.7,70.3,62.0,47.0,69.2,16.8,31.9,18.1,3.0,60.1,79.6,58.8,75.9,L"
"7.3,34.7,25.8,-1.7,70.3,62.0,47.0,69.2,5.0,33.9,30.4,1.5,71.8,48.2,49.0,62.4,W"
"7.3,34.7,25.8,-1.7,70.3,62.0,47.0,69.2,-16.0,28.8,43.4,-1.3,50.0,15.9,50.1,27.1,W"
"-16.0,28.8,43.4,-1.3,50.0,15.9,50.1,27.1,-0.5,27.5,28.0,0.1,34.3,60.3,47.0,45.8,L"
"-16.0,28.8,43.4,-1.3,50.0,15.9,50.1,27.1,3.6,32.3,29.0,0.3,57.5,42.0,40.7,47.5,L"
"-16.0,28.8,43.4,-1.3,50.0,15.9,50.1,27.1,5.0,33.9,30.4,1.5,71.8,48.2,49.0,62.4,L"
"-16.0,28.8,43.4,-1.3,50.0,15.9,50.1,27.1,11.3,38.8,27.3,-0.2,81.4,51.9,53.2,73.6,L"
"-16.0,28.8,43.4,-1.3,50.0,15.9,50.1,27.1,3.9,18.3,15.6,1.2,27.9,80.7,53.0,56.5,L"
"-16.0,28.8,43.4,-1.3,50.0,15.9,50.1,27.1,-0.7,27.0,27.2,-0.5,49.4,58.9,41.0,53.2,W"
"-16.0,28.8,43.4,-1.3,50.0,15.9,50.1,27.1,9.7,31.7,22.5,0.5,49.9,59.5,50.4,56.1,L"
"-16.0,28.8,43.4,-1.3,50.0,15.9,50.1,27.1,13.0,35.4,24.3,1.8,72.3,62.4,64.3,73.5,L"
"-16.0,28.8,43.4,-1.3,50.0,15.9,50.1,27.1,19.9,34.5,12.7,-1.9,71.7,77.6,42.7,78.7,L"
"19.9,34.5,12.7,-1.9,71.7,77.6,42.7,78.7,16.8,31.9,18.1,3.0,60.1,79.6,58.8,75.9,W"
"19.9,34.5,12.7,-1.9,71.7,77.6,42.7,78.7,5.0,33.9,30.4,1.5,71.8,48.2,49.0,62.4,W"
"19.9,34.5,12.7,-1.9,71.7,77.6,42.7,78.7,6.2,28.9,22.3,-0.4,45.2,60.6,69.5,57.8,W"
"19.9,34.5,12.7,-1.9,71.7,77.6,42.7,78.7,-0.4,30.7,32.4,1.3,55.4,43.5,38.7,46.8,W"
"19.9,34.5,12.7,-1.9,71.7,77.6,42.7,78.7,-0.7,27.0,27.2,-0.5,49.4,58.9,41.0,53.2,W"
"19.9,34.5,12.7,-1.9,71.7,77.6,42.7,78.7,3.9,18.3,15.6,1.2,27.9,80.7,53.0,56.5,L"
"19.9,34.5,12.7,-1.9,71.7,77.6,42.7,78.7,13.0,35.4,24.3,1.8,72.3,62.4,64.3,73.5,W"
"19.9,34.5,12.7,-1.9,71.7,77.6,42.7,78.7,11.3,38.8,27.3,-0.2,81.4,51.9,53.2,73.6,W"
"13.0,35.4,24.3,1.8,72.3,62.4,64.3,73.5,6.0,25.6,21.0,1.4,27.5,57.4,53.4,40.9,W"
"13.0,35.4,24.3,1.8,72.3,62.4,64.3,73.5,9.7,31.7,22.5,0.5,49.9,59.5,50.4,56.1,W"
"13.0,35.4,24.3,1.8,72.3,62.4,64.3,73.5,20.7,34.6,14.5,0.6,71.6,80.3,54.2,81.9,L"
"13.0,35.4,24.3,1.8,72.3,62.4,64.3,73.5,16.8,31.9,18.1,3.0,60.1,79.6,58.8,75.9,L"
"13.0,35.4,24.3,1.8,72.3,62.4,64.3,73.5,5.0,33.9,30.4,1.5,71.8,48.2,49.0,62.4,W"
"13.0,35.4,24.3,1.8,72.3,62.4,64.3,73.5,11.3,38.8,27.3,-0.2,81.4,51.9,53.2,73.6,L"
"13.0,35.4,24.3,1.8,72.3,62.4,64.3,73.5,3.9,18.3,15.6,1.2,27.9,80.7,53.0,56.5,P"
"3.9,18.3,15.6,1.2,27.9,80.7,53.0,56.5,6.2,28.9,22.3,-0.4,45.2,60.6,69.5,57.8,W"
"3.9,18.3,15.6,1.2,27.9,80.7,53.0,56.5,3.6,32.3,29.0,0.3,57.5,42.0,40.7,47.5,L"
"3.9,18.3,15.6,1.2,27.9,80.7,53.0,56.5,-0.4,30.7,32.4,1.3,55.4,43.5,38.7,46.8,L"
"3.9,18.3,15.6,1.2,27.9,80.7,53.0,56.5,11.3,38.8,27.3,-0.2,81.4,51.9,53.2,73.6,L"
"3.9,18.3,15.6,1.2,27.9,80.7,53.0,56.5,9.7,31.7,22.5,0.5,49.9,59.5,50.4,56.1,W"
"11.3,38.8,27.3,-0.2,81.4,51.9,53.2,73.6,1.9,25.1,23.7,0.4,23.6,67.4,52.3,44.3,W"
"11.3,38.8,27.3,-0.2,81.4,51.9,53.2,73.6,-17.1,17.3,34.7,0.2,17.9,36.5,61.6,24.4,W"
"11.3,38.8,27.3,-0.2,81.4,51.9,53.2,73.6,9.7,31.7,22.5,0.5,49.9,59.5,50.4,56.1,L"
"11.3,38.8,27.3,-0.2,81.4,51.9,53.2,73.6,16.8,31.9,18.1,3.0,60.1,79.6,58.8,75.9,W"
"11.3,38.8,27.3,-0.2,81.4,51.9,53.2,73.6,-0.7,27.0,27.2,-0.5,49.4,58.9,41.0,53.2,W"
"11.3,38.8,27.3,-0.2,81.4,51.9,53.2,73.6,3.6,32.3,29.0,0.3,57.5,42.0,40.7,47.5,W"
"16.8,31.9,18.1,3.0,60.1,79.6,58.8,75.9,3.6,32.3,29.0,0.3,57.5,42.0,40.7,47.5,W"
"16.8,31.9,18.1,3.0,60.1,79.6,58.8,75.9,9.7,31.7,22.5,0.5,49.9,59.5,50.4,56.1,W"
"16.8,31.9,18.1,3.0,60.1,79.6,58.8,75.9,-0.4,30.7,32.4,1.3,55.4,43.5,38.7,46.8,W"
"16.8,31.9,18.1,3.0,60.1,79.6,58.8,75.9,5.0,33.9,30.4,1.5,71.8,48.2,49.0,62.4,L"
"16.8,31.9,18.1,3.0,60.1,79.6,58.8,75.9,-0.7,27.0,27.2,-0.5,49.4,58.9,41.0,53.2,W"
"16.8,31.9,18.1,3.0,60.1,79.6,58.8,75.9,6.2,28.9,22.3,-0.4,45.2,60.6,69.5,57.8,W"
"9.7,31.7,22.5,0.5,49.9,59.5,50.4,56.1,-11.1,30.7,38.9,-2.9,39.4,29.2,29.3,26.8,W"
"9.7,31.7,22.5,0.5,49.9,59.5,50.4,56.1,11.3,35.3,24.4,0.4,70.3,63.0,51.7,70.8,L"
"9.7,31.7,22.5,0.5,49.9,59.5,50.4,56.1,3.6,32.3,29.0,0.3,57.5,42.0,40.7,47.5,W"
"9.7,31.7,22.5,0.5,49.9,59.5,50.4,56.1,-0.7,27.0,27.2,-0.5,49.4,58.9,41.0,53.2,W"
"9.7,31.7,22.5,0.5,49.9,59.5,50.4,56.1,5.0,33.9,30.4,1.5,71.8,48.2,49.0,62.4,L"
"9.7,31.7,22.5,0.5,49.9,59.5,50.4,56.1,-0.4,30.7,32.4,1.3,55.4,43.5,38.7,46.8,L"
"9.7,31.7,22.5,0.5,49.9,59.5,50.4,56.1,20.7,34.6,14.5,0.6,71.6,80.3,54.2,81.9,L"
"-0.4,30.7,32.4,1.3,55.4,43.5,38.7,46.8,5.4,28.3,22.6,-0.4,51.4,80.6,44.5,68.7,L"
"-0.4,30.7,32.4,1.3,55.4,43.5,38.7,46.8,24.9,54.0,30.0,1.0,96.6,41.1,62.3,83.3,L"
"-0.4,30.7,32.4,1.3,55.4,43.5,38.7,46.8,17.4,33.5,15.5,-0.6,65.2,79.2,54.3,77.6,L"
"-0.4,30.7,32.4,1.3,55.4,43.5,38.7,46.8,-0.7,27.0,27.2,-0.5,49.4,58.9,41.0,53.2,L"
"-0.4,30.7,32.4,1.3,55.4,43.5,38.7,46.8,3.6,32.3,29.0,0.3,57.5,42.0,40.7,47.5,W"
"-0.4,30.7,32.4,1.3,55.4,43.5,38.7,46.8,5.0,33.9,30.4,1.5,71.8,48.2,49.0,62.4,L"
"-0.4,30.7,32.4,1.3,55.4,43.5,38.7,46.8,13.0,35.4,24.3,1.8,72.3,62.4,64.3,73.5,L"
"5.0,33.9,30.4,1.5,71.8,48.2,49.0,62.4,-22.1,11.1,34.4,1.2,10.1,31.3,57.1,15.7,W"
"5.0,33.9,30.4,1.5,71.8,48.2,49.0,62.4,6.0,25.6,21.0,1.4,27.5,57.4,53.4,40.9,L"
"5.0,33.9,30.4,1.5,71.8,48.2,49.0,62.4,-0.7,27.0,27.2,-0.5,49.4,58.9,41.0,53.2,L"
"5.0,33.9,30.4,1.5,71.8,48.2,49.0,62.4,3.6,32.3,29.0,0.3,57.5,42.0,40.7,47.5,W"
"3.6,32.3,29.0,0.3,57.5,42.0,40.7,47.5,6.2,28.9,22.3,-0.4,45.2,60.6,69.5,57.8,L"
"3.6,32.3,29.0,0.3,57.5,42.0,40.7,47.5,2.3,36.7,34.9,0.6,69.9,40.3,49.3,55.4,L"
"3.6,32.3,29.0,0.3,57.5,42.0,40.7,47.5,-0.7,27.0,27.2,-0.5,49.4,58.9,41.0,53.2,W"
"-0.7,27.0,27.2,-0.5,49.4,58.9,41.0,53.2,5.4,32.7,26.9,-0.4,60.2,44.8,51.5,53.3,W"
"-0.7,27.0,27.2,-0.5,49.4,58.9,41.0,53.2,3.9,18.3,15.6,1.2,27.9,80.7,53.0,56.5,L"
"24.9,54.0,30.0,1.0,96.6,41.1,62.3,83.3,7.9,29.9,21.5,-0.4,56.1,65.9,42.6,62.1,W"
"24.9,54.0,30.0,1.0,96.6,41.1,62.3,83.3,-1.5,29.4,28.7,-2.2,57.4,50.1,49.6,55.4,W"
"24.9,54.0,30.0,1.0,96.6,41.1,62.3,83.3,2.0,33.1,30.3,-0.8,60.2,36.9,54.0,49.6,W"
"24.9,54.0,30.0,1.0,96.6,41.1,62.3,83.3,6.9,25.7,16.9,-1.8,41.4,77.0,42.5,61.3,W"
"24.9,54.0,30.0,1.0,96.6,41.1,62.3,83.3,-0.5,27.2,27.5,-0.2,47.1,51.3,58.9,50.7,W"
"24.9,54.0,30.0,1.0,96.6,41.1,62.3,83.3,8.7,36.2,29.8,2.4,55.2,52.6,60.9,57.0,W"
"24.9,54.0,30.0,1.0,96.6,41.1,62.3,83.3,13.8,42.0,28.9,0.7,72.4,45.8,50.2,62.2,W"
"24.9,54.0,30.0,1.0,96.6,41.1,62.3,83.3,-10.0,21.9,31.9,0.0,33.0,50.1,47.4,39.0,W"
"24.9,54.0,30.0,1.0,96.6,41.1,62.3,83.3,13.2,41.1,29.2,1.3,80.5,62.1,60.6,78.6,W"
"2.0,33.1,30.3,-0.8,60.2,36.9,54.0,49.6,-22.1,11.1,34.4,1.2,10.1,31.3,57.1,15.7,W"
"2.0,33.1,30.3,-0.8,60.2,36.9,54.0,49.6,-10.0,21.9,31.9,0.0,33.0,50.1,47.4,39.0,W"
"2.0,33.1,30.3,-0.8,60.2,36.9,54.0,49.6,-0.5,27.2,27.5,-0.2,47.1,51.3,58.9,50.7,W"
"2.0,33.1,30.3,-0.8,60.2,36.9,54.0,49.6,11.3,35.3,24.4,0.4,70.3,63.0,51.7,70.8,L"
"2.0,33.1,30.3,-0.8,60.2,36.9,54.0,49.6,13.2,41.1,29.2,1.3,80.5,62.1,60.6,78.6,L"
"2.0,33.1,30.3,-0.8,60.2,36.9,54.0,49.6,13.8,42.0,28.9,0.7,72.4,45.8,50.2,62.2,W"
"2.0,33.1,30.3,-0.8,60.2,36.9,54.0,49.6,7.9,29.9,21.5,-0.4,56.1,65.9,42.6,62.1,L"
"2.0,33.1,30.3,-0.8,60.2,36.9,54.0,49.6,6.9,25.7,16.9,-1.8,41.4,77.0,42.5,61.3,L"
"13.8,42.0,28.9,0.7,72.4,45.8,50.2,62.2,-17.7,24.5,42.0,-0.3,27.5,16.4,51.4,16.8,W"
"13.8,42.0,28.9,0.7,72.4,45.8,50.2,62.2,12.2,37.1,22.8,-2.0,67.0,64.3,45.1,68.4,W"
"13.8,42.0,28.9,0.7,72.4,45.8,50.2,62.2,8.7,36.2,29.8,2.4,55.2,52.6,60.9,57.0,L"
"13.8,42.0,28.9,0.7,72.4,45.8,50.2,62.2,-10.0,21.9,31.9,0.0,33.0,50.1,47.4,39.0,W"
"13.8,42.0,28.9,0.7,72.4,45.8,50.2,62.2,7.9,29.9,21.5,-0.4,56.1,65.9,42.6,62.1,L"
"13.8,42.0,28.9,0.7,72.4,45.8,50.2,62.2,-0.5,27.2,27.5,-0.2,47.1,51.3,58.9,50.7,L"
"13.8,42.0,28.9,0.7,72.4,45.8,50.2,62.2,11.3,35.3,24.4,0.4,70.3,63.0,51.7,70.8,W"
"13.8,42.0,28.9,0.7,72.4,45.8,50.2,62.2,13.2,41.1,29.2,1.3,80.5,62.1,60.6,78.6,W"
"13.8,42.0,28.9,0.7,72.4,45.8,50.2,62.2,6.9,25.7,16.9,-1.8,41.4,77.0,42.5,61.3,L"
"11.3,35.3,24.4,0.4,70.3,63.0,51.7,70.8,-11.2,22.9,32.3,-1.7,25.3,42.4,40.2,28.0,W"
"11.3,35.3,24.4,0.4,70.3,63.0,51.7,70.8,6.9,25.7,16.9,-1.8,41.4,77.0,42.5,61.3,W"
"11.3,35.3,24.4,0.4,70.3,63.0,51.7,70.8,-0.5,27.2,27.5,-0.2,47.1,51.3,58.9,50.7,W"
"11.3,35.3,24.4,0.4,70.3,63.0,51.7,70.8,13.2,41.1,29.2,1.3,80.5,62.1,60.6,78.6,L"
"11.3,35.3,24.4,0.4,70.3,63.0,51.7,70.8,8.7,36.2,29.8,2.4,55.2,52.6,60.9,57.0,W"
"11.3,35.3,24.4,0.4,70.3,63.0,51.7,70.8,7.9,29.9,21.5,-0.4,56.1,65.9,42.6,62.1,W"
"11.3,35.3,24.4,0.4,70.3,63.0,51.7,70.8,-10.0,21.9,31.9,0.0,33.0,50.1,47.4,39.0,W"
"-0.5,27.2,27.5,-0.2,47.1,51.3,58.9,50.7,-22.1,11.1,34.4,1.2,10.1,31.3,57.1,15.7,W"
"-0.5,27.2,27.5,-0.2,47.1,51.3,58.9,50.7,13.2,41.1,29.2,1.3,80.5,62.1,60.6,78.6,L"
"-0.5,27.2,27.5,-0.2,47.1,51.3,58.9,50.7,6.9,25.7,16.9,-1.8,41.4,77.0,42.5,61.3,L"
"-0.5,27.2,27.5,-0.2,47.1,51.3,58.9,50.7,-10.0,21.9,31.9,0.0,33.0,50.1,47.4,39.0,W"
"-0.5,27.2,27.5,-0.2,47.1,51.3,58.9,50.7,8.7,36.2,29.8,2.4,55.2,52.6,60.9,57.0,W"
"-0.5,27.2,27.5,-0.2,47.1,51.3,58.9,50.7,7.9,29.9,21.5,-0.4,56.1,65.9,42.6,62.1,L"
"6.9,25.7,16.9,-1.8,41.4,77.0,42.5,61.3,-5.4,24.0,29.7,0.3,30.0,51.8,52.3,39.2,W"
"6.9,25.7,16.9,-1.8,41.4,77.0,42.5,61.3,7.9,29.9,21.5,-0.4,56.1,65.9,42.6,62.1,W"
"6.9,25.7,16.9,-1.8,41.4,77.0,42.5,61.3,8.7,36.2,29.8,2.4,55.2,52.6,60.9,57.0,L"
"6.9,25.7,16.9,-1.8,41.4,77.0,42.5,61.3,-10.0,21.9,31.9,0.0,33.0,50.1,47.4,39.0,L"
"6.9,25.7,16.9,-1.8,41.4,77.0,42.5,61.3,13.2,41.1,29.2,1.3,80.5,62.1,60.6,78.6,L"
"8.7,36.2,29.8,2.4,55.2,52.6,60.9,57.0,2.3,36.7,34.9,0.6,69.9,40.3,49.3,55.4,W"
"8.7,36.2,29.8,2.4,55.2,52.6,60.9,57.0,13.2,41.1,29.2,1.3,80.5,62.1,60.6,78.6,L"
"8.7,36.2,29.8,2.4,55.2,52.6,60.9,57.0,-10.0,21.9,31.9,0.0,33.0,50.1,47.4,39.0,W"
"8.7,36.2,29.8,2.4,55.2,52.6,60.9,57.0,7.9,29.9,21.5,-0.4,56.1,65.9,42.6,62.1,L"
"-10.0,21.9,31.9,0.0,33.0,50.1,47.4,39.0,13.2,41.1,29.2,1.3,80.5,62.1,60.6,78.6,L"
"-10.0,21.9,31.9,0.0,33.0,50.1,47.4,39.0,7.9,29.9,21.5,-0.4,56.1,65.9,42.6,62.1,L"
"20.7,34.6,14.5,0.6,71.6,80.3,54.2,81.9,-18.9,22.5,40.2,-1.2,41.1,24.1,44.4,27.1,W"
"20.7,34.6,14.5,0.6,71.6,80.3,54.2,81.9,3.9,32.8,29.4,0.4,57.8,40.7,53.6,49.9,W"
